EmployeeID,Date,Steps,ActiveMinutes,CaloriesBurned,DistanceKm,SleepHours,HydrationLiters,,StreakLength,ChallengesCompleted,BadgesEarned,LeaderboardRank,PointsEarned
57344a98-d39b-4232-872f-4671c8b946c3,2024-12-15T20:16:35.442Z,7573,71,638,13.55684674,6.582387241,3.489205734,,20,5,4,100,204
f541b271-bd7c-47d6-b884-d5d1a290a9b8,2025-03-05T12:29:19.867Z,6570,146,512,11.03354971,5.87980808,3.467865931,,20,2,3,81,91
5b615ce3-50e9-4c82-907f-502842e2cd09,2025-04-30T00:39:33.840Z,11616,111,456,2.136671344,5.645322988,3.869223257,,19,2,7,81,377
ea3c2388-fbae-4e38-8cf6-f67227d71bce,2025-04-09T08:22:23.722Z,18210,82,637,5.155576746,6.751533788,3.549533146,,12,4,4,39,194
0589cb1d-d9a5-4a32-96e7-8e6dd0bc2ed9,2025-03-17T01:59:52.671Z,5140,121,192,2.820921694,6.669381928,3.239362467,,22,3,1,87,256
e9e0b670-d99b-40e3-b2a0-729339475951,2025-05-19T17:30:55.812Z,9957,15,319,12.98629094,6.889944706,1.184180706,,17,4,9,16,384
de128592-ad90-4ad4-9692-01f21415634c,2024-11-13T02:13:49.130Z,6868,40,433,11.24239251,6.776137308,1.47812837,,9,2,8,29,357
1beeb089-df2f-4b51-8916-1caf5d6a0de7,2024-09-14T10:04:25.677Z,2313,102,233,13.59636906,5.975102769,0.76128561,,19,4,7,66,140
73614a2b-f259-4705-a131-137c84e582f5,2025-04-03T04:00:26.093Z,2438,16,712,12.30464134,7.537005999,1.831576135,,13,3,2,26,408
dbc99e6b-1b14-4c6c-b227-be2268c5e024,2025-03-12T12:53:35.054Z,8240,77,462,2.178137968,4.452212053,0.856506374,,20,1,1,39,235
7452df3c-677c-4141-9a6e-2f1165db9ff1,2025-03-29T12:06:16.931Z,8332,138,227,13.62467809,7.726860015,1.941478014,,17,5,7,91,384
75703d9f-ed3d-4280-a08f-9d63296b1d15,2025-07-30T14:24:34.469Z,2672,42,549,1.630216093,8.208529796,3.45207522,,5,1,9,43,53
1cdea048-fd88-4709-88cb-a136d840040c,2025-05-13T01:14:17.415Z,5381,125,279,3.930554801,8.379316448,1.300711404,,20,4,7,24,41
5628ff62-c114-4b96-ae5b-f99cfaee1dc5,2025-08-27T01:21:39.528Z,2927,109,343,3.197362324,5.566261308,2.503060573,,16,1,1,77,78
abb83a9d-017b-4abc-a410-8492c190b83c,2025-07-14T01:35:58.215Z,16244,115,321,1.722043956,5.023109123,1.245513505,,4,1,9,66,61
518ce214-be84-46d1-bf07-b0d6aed87348,2024-09-25T10:55:21.229Z,10700,127,596,9.662768677,5.56439741,0.938151686,,2,3,10,1,215
e12c9e7e-6ee6-4529-a4cc-ae510d8311c3,2025-05-14T04:10:35.315Z,16052,176,525,10.60206475,6.564058155,1.145942043,,24,4,3,12,226
51c31882-ad35-4c19-b4b5-507b49242f3c,2024-09-16T14:06:04.571Z,7201,132,461,1.112476742,5.740994488,3.330066841,,7,5,1,85,480
78782a86-375c-4c86-be3a-82fbe8dd7db3,2025-05-11T18:16:33.903Z,3662,38,220,10.1475853,8.059658006,2.159902697,,2,3,2,97,159
2b2e9e07-7788-4685-8028-1d3dbbb76913,2024-12-02T02:25:19.189Z,16595,175,268,6.02466391,4.996589324,1.076415274,,21,1,3,15,388
f581b8eb-83dc-4e6d-a59d-4da7f9f3af3f,2025-08-11T07:54:48.833Z,10754,45,335,9.07639096,6.487996594,2.545101609,,4,5,6,55,136
15d24772-279e-413a-b087-0a1306415009,2025-08-27T00:35:04.096Z,18802,173,297,13.19361576,4.988158585,1.586085782,,4,2,4,30,400
e74f8ee1-3778-45c4-877e-161bb6be0d11,2025-08-10T21:24:06.785Z,2661,148,416,7.778477373,5.454046275,2.987461558,,2,5,2,90,378
bffddfa1-caab-4656-9480-7546ccc4c742,2025-02-20T07:51:49.627Z,15021,151,558,11.57598259,7.582306086,0.919256439,,15,1,3,73,497
cf682a72-9165-4b62-bd18-75ae59fdc793,2025-03-12T05:51:02.847Z,16036,107,418,2.008639486,5.220580763,1.996482606,,22,2,10,54,193
c5fd7e68-6b05-4a2e-86f2-d5cdec4dbfad,2025-02-23T05:06:34.720Z,6724,102,751,13.38607787,5.69518491,2.401795295,,1,5,7,74,391
fb23d4ab-53df-474c-8489-92c96d08a0e0,2025-04-07T06:47:18.439Z,7676,20,490,8.660734646,6.736449536,2.103046787,,2,4,4,52,210
2ecbea14-d8e1-45a3-9512-109b9ceaadfa,2025-04-25T16:48:24.816Z,12108,138,543,13.99321506,8.190665019,1.328259296,,21,1,10,4,241
5f72505c-2dd5-414e-b0e3-895145a74673,2025-07-21T22:28:28.115Z,16272,167,190,3.410160189,7.057799538,2.740221961,,1,4,6,10,35
e57eef4c-6374-40f2-ac02-7850f3bf21b3,2025-06-09T12:52:57.743Z,3853,60,269,7.880341046,7.910397647,1.715732792,,14,5,8,8,237
9c206701-6d7b-4df2-9499-5529a4aad868,2025-08-25T08:02:28.331Z,4357,18,306,10.74735607,7.775627195,3.779811206,,23,5,6,59,487
47506fc3-ef61-4146-8aca-378f742d762d,2025-08-10T01:11:38.761Z,17437,90,386,1.419568872,5.277478698,3.787289419,,13,3,1,55,252
8898c2d7-2895-48e6-b122-22d549311cac,2025-03-29T08:50:11.910Z,8549,161,282,14.85917099,8.427014801,2.009621688,,15,1,7,58,267
f9a70ffa-9348-4a54-bb85-be5d2cc7f92a,2025-07-03T04:44:09.787Z,10341,68,249,13.11577026,4.19148751,3.104969294,,28,2,6,59,251
534bac06-f30a-4c1f-981b-cc52ad322f21,2024-12-18T08:17:11.082Z,17729,47,288,5.264858247,5.764862218,2.789222402,,20,3,10,78,59
ac948c7b-6cc6-4f36-8fd9-69a952c15f49,2025-01-05T15:19:04.820Z,11288,81,392,11.32236837,7.600409318,3.677415449,,25,1,3,12,119
a81f4b2c-9e64-42e3-9d33-d5b1a2be1645,2025-01-01T08:27:46.808Z,12387,31,210,4.541401836,5.777149684,0.557727591,,10,2,1,54,452
ce0a28fb-6215-4a21-87ba-6beaf6960364,2025-06-20T03:16:49.938Z,15722,70,560,3.401699965,7.266858299,1.639316796,,4,4,3,39,418
80ae167d-2f5c-45bf-9da6-3eb5de2a8063,2024-12-20T05:24:44.507Z,2533,41,419,6.87429011,5.918672499,1.59702807,,30,2,6,14,164
2e583fe9-e09a-40c0-8c86-6ea6796c51ee,2024-11-15T16:59:13.947Z,6538,44,493,13.59597281,5.472436701,0.538728836,,25,3,2,53,312
82fb997f-9e61-4fd3-aab0-411d8c1d40b0,2024-09-28T05:48:34.969Z,12352,153,537,7.878488035,7.530646168,2.723960917,,20,5,8,87,305
d939510c-b8b7-4fca-bb7c-39c5bd56d1a2,2025-03-10T13:40:42.971Z,3658,135,204,10.92620369,5.285724812,0.572160178,,15,2,4,57,465
9a623603-3c41-4953-a9e4-a75212e41daf,2025-06-09T22:45:57.891Z,13524,62,253,14.96599609,6.401577299,1.416451714,,4,2,9,23,94
6f33c17e-47ab-4412-8b39-1c412976bff2,2025-07-28T23:39:09.564Z,2380,23,765,8.071140536,5.756480357,3.378393654,,25,4,8,15,44
5284a4d8-399a-40fc-b93c-0bbde85e37b2,2025-02-18T14:28:24.011Z,17598,147,260,5.319062341,7.288877272,2.358406849,,28,3,3,32,348
92a28124-084f-4d38-a764-c60060e47847,2024-10-29T05:23:56.240Z,8926,154,707,7.270821935,4.749071768,1.965234453,,30,4,10,73,84
f80fd68f-fb5a-465e-a70f-3497327c8e9e,2024-11-20T13:41:15.555Z,17731,100,182,14.70131837,7.982417873,0.779238884,,15,5,8,85,49
ac547709-d845-42c7-92e0-ee3b94499eae,2025-08-20T03:53:39.798Z,16795,81,418,2.810637894,7.249761965,2.573879669,,15,3,9,16,188
22f27e74-9a2a-4525-8abc-f42d2988d84c,2025-01-16T23:09:02.980Z,10036,13,359,4.844983557,4.66868477,1.384110659,,28,1,10,18,323
11656a60-d6c3-4442-82bb-3e493c01bf22,2025-06-26T21:49:26.706Z,12006,31,280,10.08515936,7.868539005,2.637760489,,22,4,2,92,134
3dd55f18-a64e-4d3e-8390-af71ddd0889d,2025-01-26T13:17:13.890Z,16775,37,787,5.718106271,7.759376198,3.221407005,,17,4,8,96,453
853bdbb7-c1a1-4f79-bed6-7913463d267d,2025-01-05T22:12:54.129Z,6826,72,700,3.988843894,8.936524938,0.587493555,,21,1,7,80,308
519a65b1-cae5-453a-bd95-a054c741eacb,2025-08-04T23:11:24.103Z,17615,138,453,4.195764296,5.437452902,3.205259552,,10,3,6,21,494
99114295-9b1e-4d0d-80be-e9c81bab57b9,2024-11-27T17:48:02.936Z,14286,44,628,14.4825911,8.385180366,1.891128499,,23,4,7,63,55
6c21edfa-ab8c-4787-b5b8-b7a0be9d9db7,2025-04-18T17:55:20.790Z,3035,73,553,7.840066087,6.182523083,2.76973619,,22,3,4,48,247
8c4a1386-a34e-4300-bc00-95907991d92a,2024-10-28T15:13:31.603Z,12364,172,166,4.543918129,5.940455368,2.887057771,,30,3,5,76,211
467c4111-09cc-408b-8a83-3704d086f041,2024-10-16T12:32:58.774Z,16934,89,384,9.262209117,4.392964024,2.281596863,,7,5,10,88,280
1eb56d89-828e-433b-aa24-8c08660b4737,2024-12-02T01:19:48.849Z,18450,122,426,6.043995176,7.982282165,0.990610166,,16,2,10,14,67
6cf0b6cd-55e9-406d-ba9a-d22d5801110b,2025-02-24T23:17:34.797Z,13860,102,777,9.393319447,4.908413177,0.547222411,,29,1,5,20,232
ecd6815a-0394-4245-9c25-3b89833f5981,2024-11-28T15:10:17.651Z,9067,112,281,7.431105883,8.998942548,3.756213475,,4,2,8,62,341
f540b2c4-302e-4a30-871a-d6455458eb7e,2025-01-11T23:49:12.057Z,19076,120,150,7.139191789,4.514798915,0.756586429,,6,2,7,86,175
7f07a9b4-795d-45e5-a6a3-0760116a767a,2024-09-29T11:54:57.350Z,13864,148,495,11.47519576,7.788056914,3.037142921,,27,5,5,84,354
4cedca0e-87cf-4142-a911-ab64377f7fb3,2025-02-28T21:49:11.464Z,19824,26,670,6.212834659,4.842500785,1.295195152,,4,5,5,66,242
358247f5-839f-4348-81f7-b174d626f5df,2024-11-13T18:21:05.261Z,9899,177,410,7.776737031,6.166462329,3.588955241,,15,3,5,63,197
024db908-c4e2-4e8d-b69f-bc9f5dbe426b,2025-01-31T12:22:39.934Z,8747,27,800,8.097134037,7.696821283,1.451144481,,4,2,5,58,235
b6419e0a-fa9b-4734-a50f-f3bb038c313a,2024-11-17T23:43:20.520Z,4354,155,381,11.17909765,6.937755911,1.475864127,,20,2,5,8,241
2e661d23-f5fa-4f3d-af0e-231ca7562e63,2025-04-26T09:56:24.840Z,5769,77,746,10.59502312,4.578861408,1.196230448,,26,1,7,89,189
a22c52d9-043c-48b9-8f78-4c7cc9b40862,2025-04-21T18:30:50.303Z,3449,55,403,1.364670347,5.743719692,2.251954806,,25,1,3,80,158
b1f2c764-bdf4-4b6d-a21d-b5fa616df40a,2025-02-04T11:10:17.807Z,15150,108,767,1.815550544,7.537088853,3.755679597,,17,4,5,69,49
276a6864-5021-4459-89f9-0b9d666f7b2f,2024-08-30T03:07:50.965Z,15434,91,151,13.53477323,4.509582532,2.563061503,,23,2,8,68,145
83c31c4b-7b1a-4cd1-80d8-75854d5cfa95,2025-01-20T14:03:42.738Z,18806,17,501,11.96088362,6.049839421,3.806295311,,6,4,2,3,353
516037ed-cdfa-4d80-bbea-6af24892f558,2025-01-26T15:24:48.238Z,7599,129,187,11.11934618,8.96770407,2.030328311,,14,5,10,42,449
7d511fee-512e-4733-b98d-54ee2c3ed0ef,2025-02-13T16:45:53.262Z,13429,53,217,10.46578389,8.309883689,3.046238884,,16,1,6,48,13
9af0c37d-9b37-4cd9-ad93-28b12b0bbbbd,2025-02-23T07:22:10.608Z,2961,103,502,7.826496767,4.477311289,2.070929633,,19,2,10,17,478
94bd10fb-7af8-4c60-bdbc-5428697f91e2,2025-04-10T09:24:12.671Z,15655,158,557,10.23889558,8.827921824,0.507150122,,23,1,6,41,492
f0d71bfb-b237-4d65-a4b2-3ad8041d29e0,2025-05-14T13:45:01.261Z,7966,118,197,14.0157834,4.179044618,2.310458199,,24,3,3,95,294
fa0199de-bc57-4cf3-94f5-1696edef7c81,2025-03-17T00:27:50.035Z,17728,28,667,14.12628296,4.295673255,3.420175571,,10,1,8,1,425
5d805824-9dcb-49ac-8d17-a9ef969ceb7b,2025-03-13T17:52:29.813Z,7835,106,679,2.698400855,4.457242096,0.692757393,,24,5,1,47,175
3e976c9f-0048-4445-928a-77dd221af871,2025-06-20T15:32:36.570Z,7489,38,347,8.617086871,8.001840092,3.679079414,,8,2,1,60,310
6944af5e-052f-47b8-97c4-52083eda99b7,2024-09-03T21:17:18.723Z,19705,112,470,10.6525746,7.940852527,3.831032632,,10,3,9,5,296
7ab18b6e-54de-4c8c-9a98-3e4f4fafd2c7,2025-04-16T22:38:26.078Z,12913,180,687,1.698484563,6.966215917,2.997455666,,22,4,10,58,65
06f5973c-b3ad-4776-838e-f809e2b12e47,2024-10-18T18:26:28.030Z,15302,19,245,11.05027124,8.978621386,1.455733753,,19,2,10,35,85
fa5795f4-d5ff-4005-90cd-055bc0579cea,2025-01-16T20:23:27.435Z,6712,124,331,6.930931093,6.020775711,3.989920133,,8,3,8,1,248
e398a81b-4140-4d95-9183-af3f7b2f841d,2025-05-14T23:48:31.854Z,10121,92,290,3.82443648,8.387957549,2.136840072,,19,5,3,62,229
aeaf2853-9110-423f-b67a-dc2b2a6a1e2d,2024-09-20T07:17:03.987Z,3214,109,273,7.07922975,7.570412062,3.119280365,,26,4,3,25,28
e00a4871-06fc-44be-adcf-3f68c5248a9c,2024-09-19T21:10:36.549Z,13528,91,449,2.572047879,6.294868286,2.547787194,,29,4,9,82,495
e8d01f10-2d64-4994-98ff-b8645fb4e79f,2024-09-14T09:41:35.046Z,9674,163,607,8.83221746,4.42920551,3.437877931,,21,1,2,8,327
2c819a00-1177-4396-8237-dc6bb09dcb13,2024-12-23T17:34:55.518Z,2536,24,579,6.036366467,7.550384644,2.983512377,,2,5,10,62,158
d045a7fa-b22f-4e1e-9524-6ef9a4b4d2b1,2025-08-20T23:12:49.380Z,9049,49,670,14.25871118,7.725628273,1.285759151,,20,4,3,89,392
93c43624-3730-44f3-a5a8-0df28393ac49,2025-02-27T05:11:16.402Z,2312,136,337,10.62270067,5.198780392,1.673308319,,8,2,1,2,467
3db238cd-773f-4539-a637-75394a12e47e,2025-04-30T06:58:12.366Z,17411,55,152,5.615122566,4.545126927,1.835895632,,22,3,10,76,203
21036570-353a-439a-a5a3-b572742482a5,2024-09-07T05:16:35.483Z,9994,38,352,4.896549965,4.995191112,0.763647276,,9,2,7,46,146
bafdb939-04db-4cc9-ae78-1cbe310db45d,2025-05-06T10:27:41.856Z,3180,104,671,13.34623495,7.979530414,3.928042596,,8,3,10,29,423
4114ec6f-b8e3-4a49-937e-e2ecc5dd141d,2025-06-03T08:45:36.662Z,8604,70,334,12.13392841,8.91979991,1.441068903,,25,1,2,83,62
0971f74e-0369-474e-8c2b-bee7894923c7,2024-12-06T18:32:32.668Z,3524,66,592,10.4133792,7.279082818,3.667100951,,8,5,6,48,24
ec9210da-030c-4e49-8b08-3d46a28fa33b,2024-09-30T01:54:20.556Z,7605,57,610,4.720193116,5.186417711,2.693302482,,7,5,5,6,243
8e40e9cb-806d-4c19-9a28-e8793f7d3993,2024-11-20T21:12:31.580Z,9349,15,439,4.222342174,4.429056021,2.747746123,,2,1,8,96,168
f86aa9cc-411d-4702-b562-b287fac01fc6,2024-12-23T08:42:25.313Z,15750,38,174,9.588732482,4.187660066,0.767836338,,28,5,6,60,384
eb135c83-09c8-4c70-aa06-2a9785560510,2025-02-23T20:27:21.528Z,10657,51,610,13.27594996,4.579308743,0.846506034,,3,3,4,59,334
d9e12a0b-859e-436d-bf56-54604a7b1846,2025-07-30T17:26:01.162Z,15903,96,296,10.62047861,5.015579583,3.545746387,,22,4,10,26,135
d1d6b9d4-14bd-486f-a838-cdd4b5520e7a,2025-01-31T14:31:41.035Z,9698,138,624,6.834827666,5.188455559,1.894637647,,4,5,5,56,63
79807941-80c3-43cd-9114-fbf08e83984a,2024-08-30T23:31:49.645Z,4580,20,542,2.192916689,8.964323377,1.203649418,,4,5,9,22,150
f70fdef3-3767-45bf-9d48-309def98355b,2025-08-27T16:00:11.624Z,11929,18,763,5.536989875,7.766640218,3.653487302,,29,4,10,45,420
f618c8d7-a4b9-4716-a676-4f84b0ae5916,2025-03-18T18:45:40.684Z,9943,113,199,6.791744774,7.139014821,0.689231255,,4,3,3,64,421
6bbe77f9-570f-4f48-8b16-bc6c4502feee,2025-07-12T18:45:14.214Z,6514,154,447,12.51534614,8.311343804,2.938215376,,3,2,2,34,84
3ff96cd9-37c3-493a-a3aa-abc5726326a3,2025-06-07T12:44:12.365Z,8975,82,630,3.696695579,4.139811062,1.979911374,,4,1,7,66,423
de1f510c-c208-449c-8936-f77760af8d5a,2025-02-08T14:15:12.431Z,2082,87,333,3.276509822,7.958858724,1.442979683,,17,3,5,26,36
e607c173-cec2-4452-94ef-6247d42348a2,2025-05-09T09:23:49.743Z,17974,54,582,10.70454893,5.261037339,1.567963451,,6,1,2,19,116
a4f3a5b9-12f3-4595-bb15-b4b256b7754d,2025-05-18T06:28:14.799Z,12008,25,346,10.37176069,4.79945694,0.517918479,,19,3,9,60,367
3d4f8442-d440-483b-810a-81cb9362f27f,2024-12-12T05:21:42.645Z,3499,27,533,14.13841838,5.114956946,0.803773756,,20,5,4,69,401
35bec3de-eeae-4979-86b8-4345ae09e6b4,2025-04-13T12:14:43.195Z,16445,35,430,6.110377299,6.866207935,2.862653171,,10,5,9,24,69
8f41fa4d-c4a3-48cb-b49a-59ce4423c96a,2024-12-07T13:16:56.114Z,8810,134,568,6.389583345,6.338519136,3.033716707,,4,1,6,55,498
89eddee8-dbcf-4051-a44b-d2b565ad2bc4,2025-01-10T22:00:37.721Z,12363,37,264,12.66465258,7.504732515,1.788235922,,26,2,3,18,222
da76bf5d-eddd-4789-8fd5-f922c4a5c437,2025-08-22T21:20:29.399Z,14540,40,395,11.26430149,7.846644292,3.130563919,,11,3,2,64,362
a513bec5-9133-420b-9efb-9352024af29f,2024-11-11T20:15:40.017Z,5747,83,424,10.94503164,6.320740112,2.807116385,,26,2,9,78,193
d69ad387-cd1c-49de-9bd1-2d1ea73553da,2025-08-28T07:15:26.122Z,16758,80,478,9.39713023,6.931055594,0.846278734,,27,5,9,75,25
395051f4-8bab-4cd0-b96d-0c5b39dfb1d7,2025-03-13T05:03:05.548Z,7333,105,322,2.556730341,8.619030238,2.091280186,,14,2,3,67,204
3b11cc8d-5b59-4c97-ab5e-b575d2247257,2025-01-13T23:22:38.799Z,10461,76,553,11.00406051,7.382855883,2.276050889,,22,1,3,35,308
4cb92285-9df7-441a-8f63-3858bf173c9f,2024-09-21T20:22:51.348Z,13341,157,749,3.940300635,5.09374734,2.922526426,,10,5,2,78,251
1a4b75f7-c81a-4414-a18e-63de0d5c2e9d,2025-08-26T19:57:34.624Z,15747,140,635,2.44555507,8.573759009,3.312668262,,14,5,1,88,487
397ba72c-8006-466e-b252-4141002613d8,2024-12-09T23:43:59.413Z,9451,111,631,13.79125961,6.12853974,2.890663962,,28,1,4,46,121
53bd2475-f2e3-4fae-90f5-b81ad657281e,2025-08-08T14:21:20.162Z,8840,122,785,12.93326262,8.201266646,1.207056984,,14,3,4,91,201
701f4360-fb9f-4182-a3cb-9b2f600275b1,2025-05-04T03:23:58.113Z,2174,24,590,2.673597112,4.254660087,0.931246911,,1,4,2,62,166
e93a337b-df0c-4944-84e8-5090e94a1bae,2024-10-11T01:24:13.867Z,18808,54,543,8.617391193,6.482046749,2.629251434,,2,4,1,87,300
c55acff9-3df1-430a-b698-19fbb318678e,2025-05-18T04:24:32.021Z,4265,23,332,2.91895975,4.08660585,2.642126055,,12,2,9,41,208
03ac524f-e67b-4560-bbdd-05d8acea38b1,2024-10-03T13:32:28.391Z,9364,10,692,3.005238333,8.367296508,3.455215143,,7,5,4,20,409
48941670-27bb-4f2a-bc52-f91975f73086,2025-02-20T00:40:06.592Z,13711,143,633,3.510524235,4.983705448,3.846163757,,20,3,5,4,106
c47b9991-b07b-497d-a93d-14c7d9c85d4c,2025-07-08T04:00:10.560Z,17966,103,755,7.166154847,6.304700109,1.503199886,,17,2,6,28,290
5fe3a550-b9e7-4049-8848-62b74aa51db7,2025-08-19T09:38:04.400Z,14849,141,629,3.417721961,4.620449538,3.299245003,,15,5,9,24,101
a7c5f255-ff46-4495-8901-fd908750e0e6,2024-12-25T08:57:45.944Z,14809,163,603,8.102567115,8.088454848,0.599690425,,28,3,10,3,319
f5eb91b8-7497-46d6-8b53-98ca7e9b72b4,2025-06-13T08:52:59.451Z,11405,19,529,14.71513355,8.708628583,2.521826883,,14,5,5,21,396
7d5a4376-bd29-48b9-ab6a-576be1925050,2024-09-04T02:53:12.532Z,16346,133,552,7.134285017,5.016957724,3.863312156,,1,5,4,15,166
1af41536-dd1d-4deb-8544-a9b8fb7019af,2025-05-16T02:53:10.077Z,5699,69,313,8.631517509,6.254995516,1.685142075,,19,4,9,19,499
4041e978-df22-44cd-96b2-91cd2f587b63,2025-01-05T19:59:38.060Z,19417,15,217,13.43290837,6.491801747,2.738640472,,20,1,5,60,60
95c71f83-04d0-44af-95dd-52b3b7c15429,2024-11-26T19:05:33.465Z,13631,91,238,12.71172358,5.638230482,2.571658673,,28,2,2,94,406
13f24056-27ab-495e-a337-c5609bd674ba,2025-07-28T22:25:27.062Z,14356,29,173,11.17548911,5.601635746,2.322279248,,29,4,4,34,112
d335b78c-7dd4-4b21-adf8-f764a9a4fcf9,2024-12-07T04:30:42.025Z,6631,180,276,13.54889628,6.33949303,2.351420082,,18,5,8,97,287
b1a3a2dc-b32d-4e29-bd4b-2eb6e788f791,2024-11-09T05:53:46.930Z,3309,17,513,6.39981928,5.381990636,2.277669274,,27,1,10,5,41
37d9de9a-b589-45d1-9dde-39583ad1be0c,2024-11-27T01:57:44.507Z,16990,120,182,13.01586725,5.958043834,3.655924851,,12,2,4,24,268
a05a86f3-1150-4355-b353-31b8c4babdf4,2025-07-16T13:16:35.187Z,8556,136,599,9.510690506,5.992846923,3.904716089,,4,3,8,22,354
5fc5fa74-deff-407c-ae6d-7c005e7201b8,2025-05-22T13:19:22.004Z,10395,66,774,8.033145544,7.838601125,2.641341462,,12,1,4,85,54
89fa3695-5650-4141-87f7-37a205f4f663,2025-02-13T06:15:35.924Z,18602,36,772,8.442846779,5.394346837,3.185798973,,21,3,3,5,133
2e4e1a3e-f76d-45a2-a8b2-745af5c3d3f8,2025-02-11T10:34:09.662Z,15614,10,694,11.20225895,7.606408493,1.427362909,,11,5,9,6,375
f0f860a1-a5b6-453f-ba15-2a02aea2b5cd,2025-06-18T13:47:19.940Z,4458,10,245,3.817481426,5.078425808,2.760630964,,4,3,6,99,320
78bf01e3-f02f-42a5-898d-54eabfdb209d,2024-10-06T01:25:08.263Z,19413,12,395,4.862596137,6.998004789,3.534026207,,15,2,9,47,92
87784b79-df10-42ea-bcb2-1f5b24935d94,2024-12-08T19:11:46.682Z,8221,41,708,5.838667559,4.720214697,2.420434741,,2,4,6,99,9
cd3531db-f69b-4bd9-aeaf-28fbefa3b5e7,2024-12-10T11:59:44.002Z,10741,60,304,10.33627821,5.262530666,1.721803476,,10,5,6,44,218
ba289835-2908-4959-9411-9d9c301d95e8,2024-10-27T10:48:10.269Z,2352,22,584,7.173072748,6.092924716,0.580619299,,18,3,5,98,312
d7797fae-afc6-46c1-b6d2-03d525b7d520,2025-03-02T04:17:06.583Z,8734,61,502,13.89920228,7.161057264,2.814594224,,21,4,6,100,263
8b666c84-9cd9-4afb-a6f5-c5294bf39478,2025-05-27T12:45:00.699Z,16624,164,719,14.5650636,5.958470028,0.58755134,,28,4,10,63,164
bb1da24d-623f-4af2-b1a1-c17169e53f1b,2025-05-02T12:12:16.249Z,3927,54,294,10.72407877,4.609376238,1.418429438,,5,2,7,33,302
2c719fca-7f5f-4fbe-9339-0ade966e94b6,2025-06-21T20:00:45.369Z,12906,84,514,10.32391119,5.039250296,0.558271781,,26,1,1,48,314
dc48f5b7-8b8e-45fb-852d-5443d3624c2a,2025-05-02T06:13:25.449Z,12009,49,760,8.676069173,6.766740771,0.50489013,,25,4,2,30,272
9c0c431f-a22e-432b-abef-a50e9cb5815a,2024-09-29T09:32:13.813Z,6360,52,151,3.102828992,8.815887712,3.437496525,,3,2,2,100,62
35bfd1ac-b62c-464c-ba10-1c18ab4acd7f,2025-07-10T19:06:49.478Z,8948,25,279,8.489268805,7.150503524,1.617043129,,8,2,7,65,117
6631471e-6874-442f-a9cf-293571ae34ab,2025-04-08T16:05:39.121Z,13445,180,464,8.873172691,7.533307452,0.625478939,,15,4,8,69,438
620061af-7d2d-4996-9064-359b6a7fcd3b,2024-12-16T04:22:52.349Z,3379,158,497,8.046564276,8.83810878,1.984042086,,29,2,4,41,2
d818aa1c-8e77-43d6-868f-c9e74ac88661,2025-03-05T17:07:53.718Z,9608,91,508,1.977927594,7.849464809,2.869498909,,22,3,10,17,407
612aad09-5f22-4f44-8d8a-4298510404a9,2025-06-21T20:04:45.067Z,5895,135,264,11.69782503,4.057596203,2.091878937,,25,5,6,96,157
833085a5-23d4-42b9-b6e1-0de86c252dc6,2025-01-25T15:13:37.991Z,10958,175,779,1.092188065,8.362864402,0.928246621,,28,4,6,73,245
1748da02-974e-40c4-8d79-ac0bddd0dff5,2024-09-07T02:47:28.944Z,11201,34,460,4.983263174,5.421499259,3.126563657,,5,3,10,16,329
d7443d01-70ce-49b6-82a7-6723004f26aa,2025-05-25T21:00:54.038Z,6670,72,435,4.194005638,4.033784116,2.628179802,,13,1,2,91,225
92a93dcd-f07c-49be-a8ec-3d7b7229a751,2024-09-02T02:41:11.459Z,6536,148,480,1.162015085,4.214438882,3.550708563,,21,5,10,20,388
3f58ae5e-caa8-42dd-8a16-16b37618e2e4,2024-10-02T05:47:24.034Z,5635,14,792,4.22846804,8.318793005,1.96702321,,24,3,1,12,265
34190b5c-a530-4b09-98e6-bf0657b702f7,2025-02-23T06:35:31.566Z,16182,125,335,12.70971098,8.45949036,1.404884121,,16,5,4,2,479
7eca18f7-58fb-4a89-8e11-549f14899420,2025-05-30T08:19:46.720Z,5524,40,301,2.960508647,5.935116887,0.603642903,,15,2,1,89,207
bb78d78b-438c-4839-a63b-15ff381b50de,2025-06-09T21:25:29.002Z,3320,39,193,10.85545768,5.759268872,1.721513583,,14,1,2,36,281
66d3923d-44a7-425b-b958-c5efb5f39499,2025-05-29T18:31:54.265Z,14761,45,788,3.792251027,8.431952287,3.630461103,,17,4,8,97,125
b10c5854-35e1-4e18-9ff0-04f15d32f49b,2025-02-18T19:25:17.576Z,2215,149,323,13.95791671,8.815313644,3.783334175,,21,4,7,86,371
da5e7971-18c8-4cc7-a17f-a8cca3ebd299,2025-08-08T13:31:38.876Z,5034,27,631,8.912118732,6.602891542,0.966403712,,19,3,9,91,91
9f507f04-1f4d-406b-9135-08b551e94a58,2024-12-29T12:44:14.376Z,11649,38,588,3.643080259,7.692425941,2.709704907,,18,4,2,97,492
5798cc35-28f2-415e-a39f-9dbd8e01b2c8,2025-06-16T23:15:03.200Z,11537,32,364,4.607481527,8.50893338,0.570172739,,27,3,1,31,201
1ec92ec7-c830-4568-bca9-19d77092b207,2024-09-26T12:17:26.364Z,8482,63,514,12.14165926,7.930632004,3.527710874,,16,1,1,67,386
6daeb932-612f-48e4-8939-a958ab462a98,2024-11-11T22:43:33.648Z,11660,113,421,4.460853009,4.981699837,0.599153076,,15,4,7,18,46
aba51ada-265f-4024-8c91-68909408a155,2025-02-16T07:32:44.246Z,18421,13,424,4.873339982,7.706798769,2.412245105,,30,2,2,57,181
231a085d-e199-4a63-8a0c-75d6e2e33495,2025-04-25T16:25:54.328Z,19713,111,446,13.21649021,4.277371471,0.924277663,,6,3,2,18,297
4231174c-8faa-46b5-a676-ea01f9f214e2,2024-11-23T01:11:23.961Z,15096,112,348,12.11198827,7.818127086,2.508193393,,24,5,1,60,375
dec1d611-f3a4-4841-a7b9-23529b92e9fd,2025-07-25T06:40:32.925Z,3560,29,568,9.618518744,4.110788024,3.025437142,,20,1,2,25,385
1ea8bd8c-49ae-443e-a8b4-e1e376061752,2025-07-01T17:50:55.576Z,17273,129,786,9.28054603,6.797425964,3.998584702,,6,1,8,15,494
faaa5f32-8768-4cf9-8351-9ad010aa12ee,2025-01-31T01:44:48.776Z,10069,89,611,8.101903076,5.213072634,3.386351809,,25,3,2,61,388
a0cf55b8-fe29-44bf-948b-daf8cb41ebb6,2025-04-02T03:33:14.444Z,19684,159,635,12.94456399,5.251260627,1.826118903,,22,2,3,70,113
0a076b00-02b5-4f05-b91a-d415784df6a1,2024-09-02T02:45:11.347Z,19101,47,459,6.667248163,5.788811679,3.478569979,,19,1,3,91,432
4722c92e-fe50-4526-a747-81953355651c,2025-01-22T10:07:54.776Z,2245,73,369,13.76359332,6.213777833,0.732375565,,16,5,8,11,479
c5fca6be-3b32-4a35-bc40-8a5998963924,2025-04-18T05:16:13.329Z,17426,63,261,12.84920271,5.720919249,0.945689355,,20,4,1,18,254
fa576dad-e322-4b84-a126-f58b5ed5fa18,2024-10-31T21:45:06.162Z,11990,120,617,13.0396838,6.735585688,1.873854643,,12,2,6,27,24
0de4a1ff-81d4-4ca1-9a92-e4faf2b06d35,2025-04-12T06:53:17.359Z,15106,38,651,13.70592172,7.456401324,0.769436581,,5,3,5,41,75
18927bbe-30bd-4473-88db-4183996bf7a2,2025-08-09T21:15:11.841Z,2621,70,360,6.392109655,8.999181717,3.447170639,,28,2,5,48,407
38304cfd-a526-4fab-91d3-325de4ca53de,2025-02-08T22:43:23.468Z,17848,149,281,4.024351033,5.883638587,1.201040928,,12,5,10,81,297
469931dc-f11e-4bcf-b856-43fc4f73ad8c,2025-04-06T16:49:48.020Z,13786,178,237,11.02062112,6.079358954,0.969357736,,16,5,5,40,152
2e6a9e66-caa7-43ab-8ac9-27f505f40b59,2025-03-14T02:00:11.855Z,9974,166,741,3.647402267,7.120893341,2.567081487,,21,2,3,48,449
91c8eec5-a06e-4609-93f6-1313b5525d11,2025-04-30T03:26:39.740Z,5545,105,329,14.59710044,8.274529892,2.425043339,,2,1,10,16,479
6d1c440d-9116-46d8-8d06-9cd824552ace,2025-03-14T03:48:44.907Z,16012,146,357,6.1304836,4.216367039,2.149020494,,17,2,4,50,110
ad83413b-3293-4f2f-a67e-867464b1ae00,2025-04-25T13:21:10.900Z,6412,121,216,12.27358254,7.964050623,1.123927883,,21,3,8,53,163
18044e92-6447-4073-9d70-a1272e6b19b8,2024-10-05T18:34:25.942Z,6879,53,160,4.612048505,5.985017022,2.632193033,,25,1,9,83,361
0704f249-dc8c-4936-b89e-2752b4e438df,2024-09-19T06:48:22.845Z,16772,133,321,10.39204186,5.407786324,2.630228394,,24,1,4,24,365
d2b5d0a7-f6cb-418a-b9b7-9222770a1a94,2025-08-21T10:43:03.536Z,14764,140,751,11.81647807,6.125299358,2.830066802,,2,3,6,26,465
9183220c-dfa8-4b04-aece-a07c12f8c6e8,2024-11-03T14:41:23.745Z,3202,94,792,10.45650242,7.870743145,3.161711922,,27,1,7,66,156
7398a9bd-a451-45b7-a2bd-b47d24a6a8b9,2025-04-19T21:20:47.859Z,19416,18,321,14.69357689,5.154324032,1.267157277,,13,1,3,13,236
8da9f83b-ee11-418a-b78c-e7199c370b1e,2025-06-16T04:36:46.105Z,14606,118,402,2.981881526,7.695269043,1.88046549,,20,1,4,67,103
3774d5e4-ca04-47f0-bb7a-9c03a6856c68,2025-03-22T11:24:10.164Z,6709,13,732,5.492669481,6.823263853,1.5338313,,13,5,8,14,317
0f42d752-9bff-46fb-a828-85e442ebef6c,2025-02-10T06:56:36.144Z,13077,90,723,7.294488162,5.51401768,3.597807859,,2,5,6,49,57
09913213-363b-4104-95df-6891890c476d,2024-12-20T20:23:55.984Z,16344,40,479,3.003453888,5.210664344,1.957451446,,15,2,9,32,90
22e8d3db-56c6-407c-a47a-8488504a526b,2024-09-22T10:46:31.332Z,13490,152,775,6.155181819,4.838590381,1.226549582,,24,3,8,53,383
5cda1c27-8323-40ac-a8bf-29c79b712411,2025-03-03T10:36:06.380Z,4514,77,784,1.951293547,8.775434796,3.821399626,,20,4,3,83,405
6d056ce6-fdca-4c29-bd0b-72cd6bc6b265,2024-09-09T14:15:05.241Z,15283,142,728,8.456166673,8.267083419,3.235276061,,14,4,8,47,233
a0cc7924-03c6-47a1-94b4-3756c708357b,2025-06-06T22:33:11.806Z,12996,118,574,11.38282441,6.138590077,1.452646809,,16,4,4,7,496
54b054f1-24bc-4da7-8eff-ddc176517cf2,2025-02-12T09:29:35.274Z,10819,39,645,14.86136688,8.540392958,1.776949927,,22,1,1,11,120
40f69820-6b66-4015-850c-a1218246c273,2025-07-06T16:03:07.270Z,3900,82,548,4.497338855,7.265663974,3.704948255,,17,5,10,89,217
01e58810-c2cf-4a0b-9d0a-50c05a33cb56,2025-06-11T15:58:01.133Z,5946,111,629,11.57568261,5.951081667,3.615325034,,15,1,7,22,326
77986b8c-9586-4ddb-b418-604c158648ff,2025-06-26T11:37:45.409Z,16831,175,654,7.004980606,7.956812031,1.687560342,,8,2,9,75,218
44ab078b-e47b-44ae-aceb-bfd8e5d4da22,2025-03-21T15:47:13.667Z,3316,173,534,14.16196838,6.650165166,0.76814731,,28,4,2,15,486
441e75bb-8bea-4387-a184-eaf390d811bd,2024-12-25T14:44:01.919Z,11171,147,287,8.540402342,8.146114137,3.369393516,,24,1,5,81,488
09a31303-f53c-4eab-81c6-aa5618ed2f57,2024-10-28T12:17:29.369Z,12150,168,201,13.42120731,7.589710549,2.424843176,,20,3,9,84,361
3250e7d8-dfaa-478c-a2f4-b5055af3a5d1,2025-08-08T07:02:45.343Z,5962,142,436,8.727954501,7.343935827,1.944990464,,17,3,10,46,310
45089b1c-9963-4ca7-8fc6-47901d117d05,2025-07-28T11:47:46.999Z,13761,68,761,13.28557347,4.536285727,2.838886914,,24,5,8,8,414
a3c4e977-1894-45c2-b2c3-dc4c690f889a,2024-11-23T00:15:46.834Z,14194,169,181,2.037664901,5.232937406,0.908419226,,17,5,10,100,491
c48d4a6e-38a1-48db-a143-1d0439ecc7fa,2024-12-27T17:15:59.577Z,12995,177,464,5.717067235,5.953757985,3.768739646,,28,3,6,8,184
003f4c33-168d-4227-8233-d01d02d3315e,2025-02-20T14:26:58.496Z,15655,26,249,12.06210643,4.225324638,1.115153253,,15,1,6,91,316
3d15c0d3-d7f0-483c-a8fe-ebceb1a0fe70,2024-12-05T23:09:35.700Z,14660,121,563,9.970137057,4.30164974,1.330803182,,29,3,8,24,497
b546d245-1a45-426d-966b-db0df67017de,2025-06-03T12:09:13.254Z,7996,103,456,3.789027094,4.598017538,0.506581381,,11,1,1,29,43
1a7fba6f-c44b-4b39-9b5f-68e1aa088102,2024-11-16T02:20:08.025Z,5991,10,443,6.992073877,6.332870224,1.059451566,,5,1,2,34,459
08d53ecf-361c-4f75-a3b4-a41db26ca7fe,2025-05-04T22:29:23.768Z,16784,121,365,1.179948338,5.988696111,1.598322309,,1,4,5,23,192
1644a05a-d925-48ad-9530-438a8aef3d7a,2025-01-18T07:05:42.830Z,3754,16,248,6.657465371,7.747768482,2.134429424,,18,4,4,77,122
02d0c924-d290-4d82-8211-c8fa6aa768d8,2025-06-28T15:26:06.007Z,8623,91,767,7.971840251,5.489538359,2.074661768,,25,5,9,71,140
2e68e561-41d7-4c28-8ffc-428dda95cf35,2025-08-05T06:04:25.925Z,13728,81,349,11.33378191,8.54418131,2.130679702,,6,5,5,9,120
bea9666f-bb12-4261-a8f1-25cde9db4a87,2024-10-25T21:04:46.022Z,7625,74,212,7.734569335,7.870674917,2.727417186,,7,3,1,82,332
6e4c35af-8dd4-420a-86dd-43023c05b3b2,2025-08-09T08:56:37.387Z,8452,84,400,8.939603327,6.433696653,3.878536216,,27,1,10,53,37
aa1bfc15-dbcf-495b-b73b-c0e21a0981e1,2025-01-20T09:07:14.303Z,12435,56,276,2.708376986,8.397850665,1.20517978,,9,5,8,11,286
2f53b836-ba7e-43f7-997f-ca06c03454e6,2025-01-09T03:36:33.035Z,12505,68,407,10.9180829,8.077915665,1.59882766,,8,4,9,88,357
40a6cf62-7fbb-4555-a850-1ed1dae2cfae,2024-11-03T15:21:52.414Z,6519,131,464,1.936218529,8.988749427,0.608566636,,5,5,6,19,399
248f4c95-7664-4293-a42b-aa337e963a27,2024-12-22T22:24:27.338Z,8523,71,427,9.025830874,4.220697963,1.029042816,,26,5,10,49,236
78cf101e-a644-45bc-9fed-63df71e087fe,2025-03-23T22:22:40.669Z,12621,65,662,7.745335776,4.531372911,3.900598287,,19,1,1,17,228
cf104b64-f1ec-4cce-bd5e-a0a55d9e8441,2025-01-27T18:29:23.802Z,12419,137,586,4.832869201,8.096665382,1.716268673,,22,5,7,79,21
3e28ccd4-a7e4-4da3-b188-d59356eff09d,2024-10-05T14:11:02.913Z,3469,13,652,8.840644348,4.908891732,2.080076478,,10,3,1,23,26
f3caace0-f060-4148-a477-5e7971080120,2025-04-13T11:31:37.297Z,18729,127,278,4.925184968,6.066843258,2.316138361,,7,3,10,11,225
327da46f-8772-456f-a530-9812494e77df,2025-02-05T21:34:32.396Z,2883,24,755,9.809251939,6.174491042,3.593111475,,26,1,4,82,356
7faeee74-f23b-41f1-b935-b2ce2566d414,2024-10-02T06:17:55.791Z,4243,41,506,4.083079039,8.743590706,2.888445056,,16,4,3,11,320
11365dbe-8396-4d97-bdbd-a9145187a382,2024-10-14T18:20:35.949Z,6037,66,472,4.888548675,8.635150153,1.427652819,,22,1,4,99,251
36acfeff-c284-42fd-b07a-a61755494db7,2025-01-05T14:26:26.624Z,6082,134,595,4.224760659,7.353016477,2.609536597,,20,1,2,75,81
9a1df9cd-3799-4f91-90f3-e12f4476443e,2025-07-04T15:07:14.600Z,16844,141,387,10.95805846,6.091964931,1.742126128,,29,3,9,94,287
fdb54aeb-96ba-46b2-8c2c-6adc5f5b42b6,2024-09-22T18:14:00.283Z,9059,19,254,3.252232992,5.973643781,3.018449831,,3,4,9,69,187
0edfc9d8-678d-42bc-ab01-ec8e8c3ef928,2025-08-25T04:45:01.787Z,18053,127,567,3.282000312,4.862469104,3.018760857,,7,5,8,9,373
526ddee8-d511-4a6f-a6c3-4da5abb01f26,2025-04-18T20:48:08.768Z,18256,129,406,13.88040428,4.510975913,3.78990216,,29,3,2,53,235
fadb6573-b0b8-474e-9c8d-e7de6232c4cf,2025-03-28T08:13:45.925Z,6265,35,787,8.301307468,5.32224497,3.950294559,,30,1,4,73,205
0c2e9f4d-da8e-40ca-ac67-0153b3dcf71c,2025-01-11T04:55:42.935Z,14530,177,240,2.721067161,4.799057471,1.926985095,,9,3,1,93,131
894e59fa-81e6-4cde-882b-34a257737b5d,2025-08-03T04:51:09.181Z,11072,46,754,5.233595494,8.610027988,0.794563811,,6,4,1,66,255
44c97ff1-ed53-4d1d-a961-1d68f85f541a,2025-07-27T14:19:15.071Z,9480,34,610,12.88869531,5.250411562,3.797535922,,5,5,2,32,47
801fb8c5-63ef-4856-a5c6-8547e146f68e,2025-04-30T20:41:35.841Z,18676,112,774,4.978497065,7.320637387,0.525424707,,25,5,8,72,462
407ea76c-0a48-4812-aae0-fdec3ad96532,2024-11-17T09:31:59.721Z,11107,138,315,1.637310245,6.585034291,1.44484783,,10,2,6,14,498
d12390c2-ff31-416e-bcc1-808ed44db3d3,2025-03-08T15:35:21.809Z,13450,169,167,7.513391277,6.553842096,3.611144424,,5,3,7,99,410
5845ae11-2b47-4429-bfbc-bc73e3003731,2025-03-25T19:21:02.251Z,18381,28,689,11.80442296,7.202549547,0.847190154,,7,3,3,70,124
21ee23dd-bbae-45c5-8794-6bf3e039d7bb,2025-08-25T17:08:25.652Z,18727,11,443,9.45446187,5.131377135,2.742925112,,10,5,6,31,3
39579c90-67c0-4176-99dd-69de01f88a49,2025-04-20T03:50:39.175Z,5331,81,456,5.027531028,7.536002112,2.103672878,,30,3,8,80,225
dde5a5bb-eab2-4d07-bbc8-956475941d52,2024-12-29T09:55:49.862Z,15843,47,601,6.059868656,5.932418452,3.307748451,,3,5,7,9,442
62220281-671e-4e89-87e5-8d88b72fabbc,2025-01-19T00:48:42.309Z,15325,180,573,5.160534541,5.6709692,0.597781416,,30,3,5,66,58
f9f3d4e3-d72d-4c57-a0d9-6e4663a5ee9d,2024-09-13T19:32:49.541Z,9311,112,571,7.422674419,7.34059473,3.85220327,,19,1,1,65,150
d86d7731-caee-4002-a78c-a557eda8b512,2025-07-31T00:07:33.108Z,15445,87,467,1.313778053,4.122369532,1.720521821,,22,4,7,28,119
41e515a7-6f73-43ab-8452-9c5c4caf9286,2025-05-24T20:57:38.717Z,19714,41,266,10.06655193,4.666037396,1.765680503,,6,1,7,44,323
4f2faaaa-ae21-47b7-bd95-aaf28c1f3341,2025-02-18T02:07:59.202Z,3625,66,526,14.56911863,8.904632749,2.201576919,,9,3,6,99,306
032232bb-0cd6-45b0-91bb-fa4680f1ae56,2025-02-26T10:08:36.287Z,10634,101,354,2.457052323,8.054379291,3.126152463,,13,1,10,93,119
5a47070b-7f1c-4010-8f08-75147114cb36,2025-03-12T02:15:37.124Z,9002,24,362,9.888611587,4.364382553,2.302280643,,11,3,10,81,271
09f00c4e-f87a-4473-8b99-d03e06fd7118,2025-03-15T22:24:20.685Z,14524,17,153,4.428764198,6.419881079,2.442044702,,14,4,10,39,350
ea0c0730-2701-4ee0-9691-9f1617a565ca,2025-05-26T23:13:43.468Z,17085,180,547,8.367328248,4.749887071,2.1424812,,4,5,8,93,302
36cfe57e-ed15-489d-80ba-3b1c57fcb027,2025-06-16T16:29:08.609Z,16828,79,727,9.239160049,8.607438975,3.348017207,,26,3,1,57,100
90769999-de09-4aa1-90b0-0a2a49494502,2025-07-21T00:29:34.941Z,8981,153,484,13.33277345,4.117595325,3.873391746,,8,3,1,24,488
add6a0dc-5aaa-4951-9289-435e951bc5e8,2025-03-21T17:10:22.638Z,12911,93,305,4.98435025,6.059853848,1.155768399,,15,5,2,50,32
904c856f-001a-49a4-913b-77d9d2955892,2025-08-06T16:52:18.641Z,7473,29,473,6.751985935,5.975370111,1.591479857,,15,1,8,47,188
c9c3602b-2dbe-44bc-a4bf-bfca6e488653,2025-02-28T20:53:33.470Z,17190,113,273,7.589902407,6.412616389,1.620969288,,23,2,7,66,264
1f408f59-54ed-4a44-8e1a-5c6ec5bf0f5a,2024-11-03T01:11:52.846Z,16859,20,785,10.14445946,7.822246997,2.793589661,,11,3,8,23,112
6947d0c3-b2dd-4748-acb3-4982e52a8680,2025-06-28T00:22:39.951Z,15858,82,574,6.967966303,7.766885933,3.001225423,,24,2,3,91,352
18d1f1a0-72f7-4863-b4b2-784a331434c0,2025-07-07T02:36:23.992Z,3417,107,161,13.40426026,6.638451805,2.440553928,,24,1,4,48,157
42142177-b6fe-4418-9a94-604f69290ca3,2025-04-26T02:37:34.902Z,5279,46,740,11.0775027,5.913825229,1.448503136,,2,4,5,48,284
c0dda61f-649f-46c0-ace5-d7fe70775dee,2025-03-04T20:05:30.873Z,13710,34,603,9.851404311,4.675499827,1.446303293,,26,4,9,38,429
4128cf93-8ddb-4ba8-9116-1853d0264b99,2025-05-01T19:50:48.882Z,15566,91,289,11.74469976,7.406643339,0.819315809,,22,2,3,7,69
2982419c-9696-41fc-ba28-716afc3de942,2025-06-30T08:41:04.117Z,2534,134,202,4.395926852,5.61347372,2.587581804,,4,2,4,75,111
d3693985-65e5-4ade-8ae4-ecbee170bb95,2025-04-25T02:15:01.832Z,18844,91,738,8.122489058,7.888249471,3.693417398,,29,1,3,43,18
07cfa46a-e664-4d17-9144-ae199d6edccb,2025-08-13T13:06:21.432Z,7742,24,565,4.660640587,8.103895574,0.899413851,,23,1,1,92,209
86f3aa62-23af-4dc5-af13-fe1e76d67bb8,2025-08-23T18:31:57.361Z,5759,109,653,9.887883073,5.078113556,1.01144201,,1,1,3,80,8
911b2d70-cd0a-42cd-8744-79a970ca9c03,2025-03-05T08:30:09.463Z,13471,144,241,14.70256124,5.231922623,3.466569252,,19,5,10,75,289
957d1d33-62b4-429a-9eac-73af7d0ca0ef,2025-04-03T10:41:10.770Z,8506,111,414,4.708571593,8.113558806,2.622605575,,30,5,3,14,236
95d79b71-7c2b-4967-917b-f9166293bae6,2025-03-30T02:07:52.855Z,3694,33,268,9.639150425,5.735907916,3.082474831,,29,4,7,43,401
b49769c2-c636-455d-86ee-2ade25d0dda7,2025-01-17T07:17:09.185Z,7970,110,508,14.63031699,5.26384125,1.856134399,,3,5,6,18,317
ba3af561-2983-4e00-aac9-0bc7f747966d,2025-01-11T18:51:44.317Z,17475,171,347,14.1199832,5.214908969,3.858726463,,30,3,5,89,258
2b4cf6d7-da83-4a96-a551-ca46565859b7,2024-10-28T16:46:10.464Z,12875,162,223,3.838769329,6.677996551,2.051772656,,11,4,1,3,226
b10967f6-1cd4-4841-ace5-d778d045d067,2025-04-07T06:21:55.473Z,12452,67,609,13.43558684,6.463129538,3.373635802,,14,5,8,81,169
2e349f5e-1088-4233-afda-f38aba6e5a1f,2025-02-07T08:46:31.922Z,15343,116,385,4.196248723,8.086098631,3.175652618,,23,3,4,21,295
c03071ff-b067-4b51-92b3-0e784d205718,2025-08-25T08:59:09.651Z,16064,93,697,10.35175164,5.650806817,1.592670088,,9,2,10,16,444
0832e4d6-3776-4997-a9e0-96a998d73a74,2024-12-15T11:07:58.792Z,11628,71,243,3.173790017,7.618656908,2.04929356,,18,5,10,100,53
c1c94ade-9dc5-4edb-a4aa-b4739a5dded1,2025-06-18T10:10:14.776Z,17722,79,445,10.00853019,5.499490839,1.783464716,,28,5,4,81,87
3f8e8e7b-84db-4766-846f-43ebd58af21d,2025-04-18T08:46:58.376Z,3889,156,585,13.20024728,8.981879718,1.774020658,,7,2,2,34,116
1a41feac-dd34-4111-8fcc-c5de622a2dd2,2025-02-16T20:52:54.098Z,7642,88,636,3.446114745,8.713239837,0.570158605,,5,4,9,59,301
a1b780b4-30ad-459f-9b95-cb7c99a48307,2024-09-09T02:58:08.764Z,7761,62,190,7.020370616,7.329283199,2.443430109,,21,5,1,9,336
ad8ed950-e132-437f-8cd4-0afa2c24b5c1,2025-05-03T06:45:47.052Z,2219,175,441,10.21070494,5.977800929,0.946654818,,23,2,5,96,296
01f1e5e3-2b02-4986-a8bf-a3e71b783ed7,2025-06-04T09:59:44.277Z,18432,115,672,12.14775017,6.250749323,1.140842584,,1,1,5,97,232
84cf58e4-f223-4372-954d-20041509997c,2025-04-27T04:40:37.700Z,12355,83,186,12.70493679,4.379665247,2.42797944,,27,4,8,71,181
fe6e9ee5-2882-438d-bcf7-b1c82b3edd8d,2024-10-23T10:53:55.965Z,7530,126,257,1.922150635,7.185294433,1.971654137,,29,1,9,8,121
a0b66b35-3608-497b-a3d8-4b629ad0c584,2024-12-29T02:49:39.230Z,5446,100,668,5.650166648,8.251547403,0.699212636,,8,5,3,33,418
de9976e7-f47f-487e-ba20-9b4ceddd5482,2024-09-26T04:22:45.048Z,13195,60,264,14.39937574,5.657399543,2.972587057,,12,4,6,49,90
e06f5e4f-6d2b-4eda-8d33-156498fc88f2,2024-10-25T16:24:26.465Z,8648,32,680,8.20563605,4.638841725,3.02785623,,15,3,9,26,499
bda9e86c-3a52-47d6-bed8-7969f82dda92,2025-08-05T00:11:36.263Z,16733,94,653,10.54755491,8.158525906,3.145985531,,24,3,8,75,40
838fcc25-c230-412d-95e8-b35af0ae3791,2024-09-20T19:48:40.663Z,3806,90,465,1.675129445,5.179932986,0.787140066,,22,1,3,55,182
6a55f3d5-d0c4-417f-854a-1929a32cdfe7,2025-01-28T09:08:17.197Z,7835,173,313,11.70294883,7.035833254,1.328546125,,29,3,1,55,411
56dbe2e7-46c5-4cd4-8624-db4a5f22ad2e,2025-02-01T13:59:51.004Z,19279,147,675,12.0262918,8.584006865,3.306587213,,13,1,2,58,325
4456b59b-b8bc-475c-9806-faf2afaed76d,2025-05-10T05:31:53.899Z,9504,160,256,2.302976632,6.723878868,3.994698856,,24,4,3,69,456
ff319a59-cf9a-4130-8421-72033d08c752,2025-08-13T10:01:19.165Z,8692,118,323,13.11430548,7.627588426,3.920602676,,17,3,8,13,117
a238babb-5e0c-49d5-a025-9539e74fb64c,2024-08-29T12:53:16.802Z,8603,59,292,10.57798724,5.664840397,0.827102141,,18,2,8,90,332
523b8a13-fbb3-42fa-8ab7-dcdb9e18af46,2024-09-16T09:41:16.162Z,5017,80,609,9.564243857,6.007827088,3.993761031,,27,2,1,93,260
05e07fd4-218b-4421-8f11-4e07007b8fe2,2025-03-13T14:09:24.638Z,14085,67,174,4.103209836,8.39647347,2.822784915,,17,3,7,96,9
2f41c884-54ff-45ab-8bff-7f0a19cd35c3,2025-04-30T22:47:13.048Z,15420,76,623,7.927745329,4.640874051,1.772575287,,14,4,8,19,460
699032d0-d21f-4a6f-9e3f-17d80daefe7c,2025-07-15T03:36:40.950Z,9599,79,550,7.17934179,4.568693693,3.695753866,,5,3,1,37,19
53210e8a-7170-4bbc-be4b-ba8361d0b656,2024-12-01T02:46:57.238Z,5809,175,497,11.79210626,5.657381488,1.822488872,,16,3,8,13,239
636bf619-6c49-4d54-b407-066bb3410204,2025-06-22T02:57:08.460Z,7425,80,281,6.219268348,7.824740582,1.068746904,,3,3,5,90,180
5c17744c-fe09-4bad-ae39-ea2e6f154224,2024-09-03T05:55:41.380Z,15347,167,725,7.927976564,6.237401134,0.751503999,,28,5,2,69,283
ed8ac763-a9ab-4e2e-9eb3-514953ee7932,2025-06-08T06:07:12.594Z,8746,119,553,6.60068545,5.3817197,1.540006695,,8,3,3,19,355
1aac897b-fd38-4fda-af75-91d3f9131e3d,2025-07-10T06:42:55.818Z,19110,127,725,6.883207164,8.812971839,2.950641712,,18,5,3,86,386
0ad20d4a-eb21-4a48-91a2-677fb02f973d,2024-10-27T22:28:40.625Z,16371,49,256,4.218510447,5.684865991,0.690226378,,9,2,1,86,212
813cce86-7d63-4640-8fcc-0c8801109013,2025-03-28T12:33:08.471Z,10807,37,450,9.054694462,6.782838407,0.807284291,,5,3,10,21,33
dcd2b79d-71cc-4957-9066-db5720b13c2e,2024-10-19T15:48:11.769Z,11378,22,751,4.736272048,5.388428208,1.110495742,,15,2,8,21,220
28164d37-affc-4f48-84fe-048de9690bca,2025-07-13T00:22:12.074Z,15881,45,415,3.165180952,5.524083939,3.319234724,,7,1,9,87,280
b319cc86-e942-4111-942a-3da4a8a7e3d0,2024-09-04T07:32:42.331Z,4655,153,386,11.68419446,8.26509485,3.190928432,,17,4,9,29,176
683c5855-9428-4b81-9851-11debf428dba,2025-08-19T14:58:38.513Z,14731,161,390,11.69723716,8.880197705,2.392289589,,30,3,7,18,55
fe389391-915d-4770-9b41-7848a9523660,2025-05-30T04:00:08.664Z,19955,22,425,10.75374863,6.795142586,2.366759566,,28,1,6,90,32
b02512dc-0466-4ea6-8862-6a362a915248,2024-11-17T16:47:49.538Z,18105,162,492,12.05237567,8.034568197,1.608029442,,13,3,9,100,43
ed58ec3b-bc5c-4729-8e59-22e5354dd696,2025-01-09T15:59:52.903Z,18768,87,791,3.445490672,8.996250252,3.788507826,,14,5,9,2,5
bd0a619c-2774-407f-98a9-4263555638a4,2025-06-15T14:17:30.242Z,8085,87,661,12.79836188,8.866511009,1.035501987,,1,1,7,30,283
f9185e10-fcca-43f7-8436-34879051869e,2025-04-11T08:18:37.628Z,17413,122,227,11.98964837,6.297876027,2.674920322,,11,3,9,71,470
179bdd99-0893-46a2-804c-bf26d322fb15,2025-03-20T08:26:53.355Z,10718,50,582,7.331875097,8.878723677,3.545736961,,21,5,4,46,421
263aa936-3025-4f8b-9463-26a186d3cf3a,2024-12-08T07:31:15.214Z,13028,128,241,11.83825523,7.65542013,3.087525413,,21,2,9,56,441
913114fb-d5e5-4171-b8d4-6f5c1170b1c7,2025-06-15T08:47:38.980Z,6527,157,308,13.41683285,7.664258054,1.038685502,,15,5,10,15,320
9b549b16-ed94-4cfa-a8ac-ca80b5743a46,2025-05-06T10:16:39.820Z,4069,126,697,4.202654324,7.912776893,3.740663129,,9,2,9,94,47
03abd7c5-9d15-4738-96cd-223f59be9e5d,2025-03-16T22:01:53.362Z,8826,75,480,6.403841193,6.203314715,0.765032712,,22,5,1,59,154
1ead87bc-6d91-44a4-a356-89f15ddff4f5,2025-08-15T13:19:37.279Z,13036,67,218,12.59236388,5.946649149,0.692422794,,21,3,2,96,203
9a98e319-c062-4d78-a588-c79f334b0b34,2024-11-24T18:29:26.471Z,6699,152,236,9.111928687,4.250926301,0.753082777,,28,1,3,4,126
c61ea4ce-8021-45da-b67c-165aed897790,2024-09-07T05:46:01.194Z,12841,23,608,8.040828838,6.578115324,2.646714545,,19,3,5,97,275
38465d8d-93b9-402a-aed2-685735865301,2025-05-10T14:14:04.991Z,10270,154,528,12.77327191,7.751793986,0.789652333,,7,5,4,3,300
2f930fa1-ea32-47a4-a24a-747d6959f878,2025-03-27T05:18:48.247Z,17929,34,229,4.980818165,6.40016986,2.81735902,,27,1,6,92,88
15073a37-58c0-4468-8010-af7df0dbf95a,2024-09-01T19:18:00.413Z,9498,92,306,3.805071513,5.15226646,1.287464043,,28,4,2,17,270
b9060690-7211-4896-831b-82d8b3e48f67,2024-09-25T09:16:40.434Z,9469,147,560,12.55959922,5.64388253,3.365622514,,1,2,8,46,107
bf66f892-e198-4dfd-bb0a-a8f532f01708,2024-12-06T08:07:59.617Z,8836,68,428,9.36673493,6.509330628,0.654788636,,11,5,5,51,405
1be67519-c411-405f-8710-b2bf2e486c53,2025-08-26T12:45:54.557Z,6211,52,275,8.443632334,5.791784491,0.504019497,,29,2,5,70,399
30528cc7-35a9-40d0-9864-476ecdf540b4,2024-10-06T12:13:34.616Z,10016,104,310,11.80764902,4.332013825,3.993506942,,20,2,8,79,158
ffaf7ee2-9afb-43e8-b6bc-393b623a9f6b,2025-05-02T18:01:41.309Z,14364,169,392,13.99571719,8.94817037,1.146388389,,18,1,2,71,116
99a75dae-4f81-44a7-8dbd-6535db6fb66d,2025-02-12T15:37:58.492Z,17458,16,657,11.44939396,7.194582947,2.370606281,,5,1,7,49,374
00b64862-93b8-4601-ba5d-a8155096b5ca,2024-08-30T15:16:24.802Z,8677,160,627,8.935351966,4.911004635,1.980922602,,3,5,10,100,32
fbdd82a7-a75c-4f60-b9dc-96f04861a49e,2025-07-18T14:14:10.408Z,3609,173,282,1.0229275,8.949836337,3.992720537,,2,5,6,69,127
365526c8-f330-47df-ae98-af16043642b4,2025-04-24T19:27:20.912Z,13261,131,254,2.059292064,4.958341068,3.729733188,,9,3,1,3,196
c41ea58a-f3ca-4ff9-b592-d6c79dc88895,2025-03-02T15:42:30.445Z,18580,157,404,11.48222415,8.836524851,3.055684471,,28,2,10,86,209
bfa7dcbe-e875-42ce-bcc4-6999bc2a2ca5,2025-06-19T18:58:14.763Z,4681,116,465,5.828713157,4.238824983,2.868603303,,26,2,10,20,374
c68caf3f-1ddc-4702-a83c-7a5844a2c829,2024-12-16T13:06:42.880Z,2812,169,267,6.768644413,6.469810974,2.714465543,,28,4,9,75,105
c89719d0-458b-44d4-a8d0-b961506af0da,2025-03-26T18:29:37.313Z,17920,121,322,3.328118189,8.98327955,3.735571969,,17,4,1,52,18
132fd8f4-b0c3-4fe6-a911-88fb2a04ddc1,2025-08-25T17:40:44.985Z,15093,97,761,7.593944187,8.205826935,2.985166784,,26,2,9,27,211
a4dd42ca-4aa5-4028-88dd-1ba5727761be,2024-10-22T18:56:04.158Z,4164,89,401,9.67757886,5.214867228,1.457315542,,5,4,8,46,106
eb81d449-9a60-42c9-a947-b8dacfbd0d05,2025-01-09T08:43:01.818Z,12526,57,498,8.010362005,5.099834086,2.744723637,,16,3,6,15,120
7b789687-2f7e-439c-890e-122121679668,2025-07-12T05:42:50.350Z,12648,17,594,2.967641579,7.875966762,3.379876965,,2,3,2,20,221
7144749c-d5e3-4291-a9aa-62dcb9765d58,2025-07-25T07:21:21.505Z,10043,147,795,10.39320934,7.040896854,3.988490244,,30,2,1,8,483
072799e2-70c1-4d7a-a9ed-985db582e5c3,2025-04-11T01:32:54.369Z,9114,98,451,12.05785731,6.960874124,2.203028274,,22,5,8,3,12
7d8259b9-ef5c-486f-a795-ef8cf729841b,2025-08-18T21:14:34.018Z,13769,176,165,1.846197908,4.735699286,0.930459643,,29,1,6,17,401
8a54d86f-1607-45cb-9035-c5048570cd22,2025-03-29T11:56:54.051Z,9764,101,640,9.651918272,4.233919539,1.885050945,,16,3,10,17,444
cecc9d5e-4ed8-4a7e-9334-0ead0f423b6d,2024-09-12T11:14:42.311Z,16575,90,233,1.721493789,7.905933026,0.902773866,,12,4,4,99,396
4d7cfa43-d4ea-4def-8a85-b63b59873917,2024-10-31T01:22:42.162Z,18007,133,765,7.62197967,5.724441216,1.06701203,,13,2,8,53,488
2681f6de-d062-49a6-8e7d-802572c7458d,2024-09-10T11:02:56.261Z,13331,77,310,8.86264966,8.443252628,3.858521496,,13,1,3,92,336
cdea086f-35b6-4e26-bd0d-fee2da49cc6b,2025-04-20T00:43:06.478Z,2659,134,635,1.753251761,6.347052677,2.000484802,,29,1,10,44,308
147b8f07-ce5a-4baa-bd13-acd703d4cbb7,2025-07-13T09:20:48.072Z,19072,26,382,14.57204054,5.612661192,3.771130371,,4,2,5,61,95
c9fad79e-bb34-4c33-ac14-49bbcf5a3cc2,2025-02-16T19:14:06.435Z,16678,134,733,10.25493151,8.294891133,1.097351269,,12,3,7,62,184
07f36d89-643c-4118-bb0b-7f2a8bab3260,2025-01-12T01:14:43.872Z,17381,163,286,4.852596248,7.827801282,1.107768927,,21,5,3,57,468
8198c814-95a9-40ea-9ac0-d59d9df2366c,2024-09-10T19:11:15.593Z,7553,119,216,2.92976234,7.8336369,3.323071342,,2,3,5,24,350
b4574253-7450-404f-986d-203774307d1c,2024-12-29T16:12:14.595Z,11320,137,191,3.816405846,6.600100724,3.804775353,,26,1,8,70,422
6ff421d1-f064-48bd-8709-ea031b7f3a5e,2025-08-23T03:46:21.747Z,14707,159,535,9.478173982,4.063306757,1.880505168,,22,2,8,44,387
77e6f159-aa95-41ac-84e1-1fa7e5028022,2024-10-31T14:22:42.175Z,2927,20,600,2.23641476,6.334901335,2.597944527,,9,1,7,87,230
33f16830-a169-4577-ba6a-c97f520e0e64,2025-01-21T04:04:23.113Z,3751,67,369,1.822237907,6.986603532,3.622939,,13,4,1,35,438
b53c4875-ef08-452a-8966-c0aef9ca16b7,2025-07-09T09:13:32.455Z,11535,84,342,1.083467827,7.964715535,3.461273836,,28,5,8,44,42
023cff3a-f990-4221-8dd7-e53eb5304862,2024-11-02T09:59:35.412Z,12658,112,783,5.371072271,4.034842477,2.44535205,,26,5,6,46,496
810f2b49-c3e1-4323-b1d4-4b76a224accd,2025-07-27T13:48:51.776Z,18928,149,248,2.71721752,8.020477592,0.546699595,,17,3,9,33,79
25943a97-b1ce-4db3-85fa-da2a2afe6d9f,2025-02-16T00:42:21.251Z,18179,98,266,7.680320647,7.925316868,1.087198816,,30,2,5,75,359
981a18ff-1108-44c5-8015-2641f8981fe9,2024-09-15T00:32:43.821Z,11359,173,689,3.812088379,4.296362647,2.238069542,,13,1,7,44,403
cfaaff20-0875-4280-9cd4-0cc8d1c1536b,2025-03-15T14:07:39.663Z,16255,158,467,7.057298236,8.535455852,3.380772935,,18,1,9,64,273
aeab47a0-6099-445d-a69d-d53456d44bb7,2024-12-13T21:59:18.305Z,10246,157,272,1.94465834,7.309650875,2.467146468,,23,4,4,64,276
319d47f0-be07-4248-bd96-edc6566d8dc1,2025-01-10T07:15:13.993Z,17222,110,508,7.020829493,8.862516279,0.71785468,,11,5,4,18,47
7e0c8223-e90f-4f03-8be1-5ce92f61c934,2025-04-22T02:31:26.428Z,15868,38,419,14.88375795,7.988471752,1.038762343,,26,3,4,9,37
572d99b6-cd7f-4d76-a311-ef31bd2cf86d,2024-11-21T02:04:06.060Z,17770,69,295,10.47592509,6.793132942,3.755763763,,6,1,6,76,167
a02d286d-2956-42f1-8d54-dd3fb595e153,2024-10-10T03:13:17.092Z,17432,46,800,12.57681524,6.817441495,0.868267616,,13,5,3,1,224
b0df17bc-4515-4698-ba1f-d7e3e057d21d,2025-04-25T07:51:36.049Z,10491,66,520,12.64713381,8.721563469,3.703157814,,27,5,7,98,61
05f145a3-b607-4815-908f-b6d69d25635e,2025-05-26T13:05:09.058Z,12028,173,793,14.86761844,4.249097194,1.6252294,,24,4,10,23,399
1fee5a4d-1264-4e8a-bf56-290677321e17,2024-12-01T08:58:01.758Z,14858,111,307,4.447082136,8.855072049,2.154336563,,3,4,10,98,359
f47d1036-1827-46ad-bd04-ab2a0441e276,2024-10-31T01:18:16.660Z,6292,85,325,14.57475329,6.672746443,0.852572578,,12,2,4,19,483
4ebc5d92-9cc8-40ce-bdce-a96b1ef7b837,2025-03-02T08:42:47.233Z,5449,86,427,10.99178154,6.078112579,1.483812302,,29,4,5,85,438
f3ea3895-6bef-4be0-a4c8-7d376bff4301,2025-05-28T22:55:40.010Z,10160,98,618,1.480070546,8.468691592,1.275896533,,12,3,8,38,126
aab74aa3-f499-4ef5-9bea-6f11ce7fd37f,2025-07-29T01:58:57.371Z,13558,55,748,12.36361976,8.750146178,3.991212879,,2,4,4,94,224
20ce4a99-37c0-4237-af6c-3d9694107e7f,2025-01-19T23:30:46.380Z,10808,49,621,1.636207167,7.050381838,1.578088072,,15,1,2,13,111
9dc78fe2-04b1-473d-a334-142fe070cd1d,2024-09-29T04:19:01.770Z,12745,128,634,5.644190621,5.795650327,1.813487609,,1,5,10,14,224
fefbbec9-4412-4b8f-9e52-63930e50e7e3,2025-03-20T13:32:50.324Z,8326,160,384,11.50753258,7.381373998,0.801058158,,3,2,9,54,121
643f2006-887e-4d38-94fe-0432e84c45d0,2025-08-25T11:32:33.411Z,15991,53,570,13.00028779,4.78532222,2.405708873,,29,1,2,89,84
6eb345b3-830a-43ad-b296-01bd1c0d0b3f,2025-02-07T18:43:56.910Z,16160,167,459,7.676022454,5.624494693,3.277164946,,28,1,5,25,50
0398c6fb-09d2-4f40-9627-b75d36ebe928,2025-07-18T16:38:05.162Z,18392,37,663,2.987309552,5.553493289,3.202427726,,21,4,10,14,340
68288b4e-9429-4f66-a9d9-7a2742c8137c,2025-08-25T04:43:28.959Z,4267,105,628,5.743767912,8.189646606,1.988402145,,14,3,6,52,484
3772f1ca-1acc-4a2a-9e39-c0a855dff64c,2025-08-10T18:41:58.783Z,8577,13,442,4.176164401,6.76260103,2.888785099,,26,2,4,98,190
ed4426d1-2f13-4ffd-8e84-708ab103e48d,2025-01-31T23:12:06.021Z,5892,61,293,10.69409102,4.855558517,1.525225799,,24,3,1,52,303
97546d86-aab7-4ee4-9035-aef2227293c5,2025-06-03T22:27:24.314Z,19304,171,343,10.99473718,7.354192824,2.877825113,,2,3,7,87,483
ed9ee3b8-a31a-472f-98e9-3fceb113cee4,2024-10-29T22:33:30.054Z,13846,127,261,14.09824314,7.73572556,2.399637742,,27,3,6,41,210
f04fecf7-5da6-4e9a-a5e8-b01643bed6c4,2025-06-07T02:07:37.578Z,3898,89,181,13.66264047,4.627388797,1.161205682,,30,1,3,90,79
a3e28869-29a9-43e2-b90e-80ac8ea47a88,2025-06-24T04:44:57.200Z,12154,177,233,3.818922485,4.108551657,3.654091152,,28,2,1,45,126
33f60dc7-2c1e-41b5-b93c-a8ca1b8cc0b9,2025-04-03T00:28:45.578Z,17737,10,304,10.56918762,4.151029882,3.959264048,,29,2,3,23,18
3358cc6b-2867-4c74-b215-0415ecff8546,2025-02-01T23:50:44.326Z,19463,175,371,6.810426265,4.087478788,3.227006094,,5,5,4,56,154
5be9065c-3acc-412c-b420-09aefe3cd99f,2024-10-05T03:10:34.583Z,2192,18,694,14.51835405,5.244457783,2.168590742,,16,1,5,57,411
ecbfd9c5-4e86-4b46-a52c-64e5a77ff1ed,2025-07-21T14:30:08.521Z,5308,120,695,13.33419631,7.879547417,0.740970127,,30,2,8,47,135
d59d7912-4e9c-4357-ab10-80a3b18a74ee,2025-01-26T00:44:22.590Z,8348,145,420,12.41055361,8.152743397,1.653915095,,27,5,1,89,114
87894ce0-83f8-4817-908c-b996a65ca032,2024-09-13T22:35:18.201Z,8914,155,668,5.77648979,6.027462533,2.582693625,,17,4,8,65,125
caabcbe7-480f-49f6-8e27-be500e340019,2025-03-06T23:49:38.853Z,9452,139,217,6.183481282,4.253703359,2.71364429,,22,5,6,54,379
fd9d0da2-3fef-4e15-aa60-1dd1c306346b,2024-08-28T17:40:46.034Z,10794,137,271,14.38443945,6.908897154,2.354552152,,7,1,5,35,484
371d9e0f-e203-41a7-85b9-4f3e05ae8223,2025-03-26T06:54:52.602Z,9186,64,700,10.13922761,8.587984292,2.002297899,,16,3,8,68,330
a1d2421d-06b4-429d-8aad-aa99e23851e3,2025-05-01T18:47:42.804Z,6496,156,542,11.55503938,8.448451957,1.755289464,,29,3,5,9,35
aa90f4b7-4d3e-49cf-9943-6774f5353d2e,2025-06-18T00:43:56.460Z,7998,61,178,7.870108455,4.949255442,1.651281173,,11,5,3,28,89
4436f5ce-4755-4696-948b-7ed3bf8c6b78,2025-04-24T00:58:38.068Z,5733,17,424,6.796006397,7.567393897,0.52297054,,23,5,8,65,299
3fb82016-12f4-468e-a668-d53992794beb,2025-06-02T06:49:53.943Z,19222,94,661,3.184433693,4.544593129,2.174710003,,18,2,3,50,191
f7e4f621-d6e3-4d2b-b148-867354b8da56,2025-03-06T20:51:49.773Z,9241,172,228,8.882005601,7.335624086,0.505223483,,8,5,8,87,469
bb691c63-dfd8-449f-90c0-ceb25d7be7bb,2024-10-06T01:10:04.178Z,4516,16,287,10.20700999,7.464677327,3.211011327,,16,3,5,18,249
17914f81-f43b-416a-8c2c-d42a8614bf67,2024-08-28T11:32:12.683Z,2946,153,272,6.616492747,4.035649829,3.613259355,,11,2,10,53,36
f2cacb7d-f06e-4b6f-af2b-3e03fcdb50d8,2025-05-29T17:37:25.035Z,10454,96,344,12.42403988,8.005446157,0.650936576,,6,1,1,18,128
0ddd21db-c4b9-4d0a-bdea-3c0a455cdfe4,2024-12-30T12:13:54.748Z,5659,25,481,4.08541426,6.464097964,1.697093192,,30,3,3,62,429
b13178ec-d3c8-43a6-afe6-a452afa845d6,2024-10-16T17:39:01.322Z,13281,31,511,2.316202306,4.230514348,1.596117517,,29,5,3,56,19
ce288aec-ac00-40b2-9e10-3acaa8ad0ea4,2025-01-04T21:58:34.138Z,16532,36,499,3.832258299,6.048251019,0.963527491,,30,3,4,63,1
d61ba491-3f92-4da7-9894-708926454d4f,2025-05-28T01:47:55.902Z,9347,64,657,9.571673282,7.802284672,0.702159795,,19,3,3,59,306
0e46ee3b-979d-4424-8d87-fa7b6d2e823c,2025-01-24T23:46:17.393Z,10359,109,647,13.87809297,5.848861846,0.685904928,,11,3,7,69,79
a6318803-d4bf-47b9-9a2b-07d1b5ca301f,2024-12-05T16:21:07.329Z,17244,105,502,10.75012318,6.259803645,1.339809868,,11,4,5,27,479
fd01503e-7f76-4e4e-b48d-f76e1be364a5,2025-02-08T00:47:03.541Z,11922,140,705,7.188151384,7.657394495,1.953840281,,4,4,7,5,54
da086619-0322-4686-8b2e-676da013f862,2025-06-09T02:12:23.328Z,4382,176,392,1.694048518,7.843248346,2.02958681,,17,5,3,93,97
62f9a561-3d94-4415-8274-2b3b9e27f6e9,2024-12-24T10:04:12.210Z,8396,102,587,9.529550198,6.850911851,1.029030498,,17,3,7,55,42
dc0e3752-1b9f-4ab6-a78f-5a1c03fbcfb6,2025-03-11T18:23:55.628Z,12829,56,179,13.90704346,5.071440673,3.745567817,,20,5,7,33,497
cc05702d-7cb6-4381-8207-06afa3c9debc,2025-04-06T12:13:01.091Z,13548,113,791,4.181526664,5.764845784,2.743173606,,3,5,5,73,401
98d739d4-3f36-41d4-9409-42cf2c552764,2024-08-28T23:17:34.736Z,10912,176,240,11.4927598,4.180081059,3.449766092,,20,3,2,9,455
175d0e8c-89bb-46f3-9ce9-fb4da8893d22,2024-09-22T21:36:49.437Z,8353,128,652,3.995175254,4.49084784,2.074158664,,9,4,5,49,333
e56961f8-1845-4242-bd5f-a103bd59e2a9,2025-05-24T05:18:40.755Z,12030,84,599,13.05567887,7.499855523,1.990819821,,28,3,7,26,75
67a9f3bb-d75c-41f6-960f-1201ee2b63c0,2025-08-15T10:06:55.926Z,7571,176,234,2.750618909,4.468819371,3.738453186,,25,5,2,16,319
bfc622a4-cd41-4f5c-a9ed-34a8079d0ce1,2025-02-08T11:30:53.187Z,11655,102,497,2.094346672,4.074510806,3.838520746,,10,2,5,64,5
67e99344-000b-433c-bd4a-2b0f07e5ac8b,2024-11-03T08:44:58.983Z,16662,115,164,8.342304138,4.530121756,3.276281271,,12,4,3,10,498
458acfea-f037-45c5-99b0-24f0d9e68126,2025-05-23T08:16:31.326Z,19649,75,605,8.038420321,7.124426965,2.8779473,,29,4,6,26,228
c985bc5b-fa84-4548-b465-e6d43d2d1bfe,2024-12-22T09:24:39.158Z,6806,72,625,9.71848751,7.904477014,1.981930235,,6,2,3,27,334
a80f4ddf-3b71-4e68-a466-c043c7e79263,2024-09-01T16:26:28.865Z,9797,104,790,3.81031133,8.621377651,1.850865809,,30,2,3,69,347
fda386b5-bc30-41ac-af94-30370ec9d61f,2024-10-06T02:58:57.849Z,17252,125,236,6.153962183,8.205505056,2.858401174,,22,3,4,19,325
206704de-4c05-4f6d-90f2-507b8f2abcfc,2025-08-07T00:25:25.541Z,9398,103,737,1.874576747,5.116250866,1.268912257,,9,1,2,32,329
0926bc8b-74d9-4231-8209-9dfc5d423921,2025-07-07T23:26:01.350Z,6075,40,766,12.91120363,7.450023363,1.509888987,,2,2,1,75,114
a6dde950-ded6-497e-a7b4-1f16b4a25d29,2024-11-22T20:49:36.229Z,10375,110,431,10.10325978,5.576655831,1.434000188,,30,2,1,57,402
11b2da3c-2d01-4ff0-a1f9-764598cc9ccf,2025-04-10T02:26:26.308Z,13123,26,389,4.897004605,4.69987045,2.020934024,,9,3,6,90,194
e674d3ba-261d-4d5f-b423-1bf7b9de8ac5,2024-11-28T12:13:53.941Z,14697,102,606,12.68939992,7.924341213,2.701490698,,29,3,8,53,344
d656b5aa-b7e2-4244-95c8-7cb3106dcd4f,2025-04-04T00:23:04.532Z,15708,176,628,1.691339267,8.894827384,1.893669323,,21,2,10,58,219
1852edbe-541c-4bce-9143-dd755f6460cd,2025-04-09T12:26:09.297Z,17341,26,159,10.33065933,8.452160513,1.927811516,,27,5,8,66,470
37cf95de-8335-4f03-a176-6c31ab61ad5e,2025-05-16T00:20:09.386Z,15449,106,623,9.4784287,5.009884842,1.769729361,,23,4,2,35,279
a5ee6c61-9712-4454-a627-287b9e0a5cdb,2024-08-28T23:50:24.983Z,14016,27,654,5.631680266,5.65863903,3.66941356,,21,2,10,8,467
eeed743c-bb49-403e-8e07-8c90bc9f3d9a,2025-08-24T03:55:55.625Z,10766,174,462,2.568939457,7.351193091,3.51503545,,9,3,1,66,261
3ada0137-f708-4e27-b757-e93dc29f10d6,2025-02-05T03:08:03.500Z,11721,145,291,8.677449907,7.849134673,3.066262233,,8,4,1,13,102
9a0f5408-d653-4168-9ec1-50e7d6797f52,2025-01-08T20:05:44.074Z,10454,155,625,4.061056757,8.480290326,1.036402787,,7,4,6,22,456
7446b221-059b-4e44-940f-904478759bf1,2025-05-12T20:18:15.639Z,16132,127,694,13.47465503,5.675987066,2.502485918,,20,4,6,91,450
875c4f8d-c503-4755-bca8-a2ed452ad108,2024-12-19T10:37:16.866Z,7460,20,159,8.358855866,6.019567922,0.954653846,,1,4,1,62,13
00aad1c2-8855-4635-bcfe-e169de1bcaa3,2025-07-21T14:32:59.046Z,13611,41,742,12.97360822,5.13195011,1.174527573,,4,5,7,100,85
162ebfa7-e8e5-4025-b97b-6bc4d9334e41,2025-03-07T11:02:09.080Z,13065,68,675,6.4324417,6.605532999,3.277120568,,5,2,6,44,332
109ddb50-4834-4ea0-a29d-f057c5c4e107,2025-07-10T08:35:26.368Z,3278,49,685,11.34138189,7.494524092,2.268142375,,29,5,8,32,485
dbd7c160-7530-47e7-97f9-8affd84d61d5,2024-11-05T02:44:29.904Z,4362,102,655,1.89728846,8.404120783,1.027243231,,7,2,7,37,168
56e7599d-a16c-46ba-b21e-022acf684384,2025-07-26T05:03:33.505Z,11937,88,231,9.280207951,6.064266971,3.500147064,,7,4,6,77,111
2653791f-542f-41ed-822b-edcd028be853,2024-12-30T04:37:34.473Z,7392,50,569,14.75812999,5.861558403,2.453439536,,24,3,3,35,83
cdf0dde8-1c65-4024-88d1-df05b7c2df4e,2024-12-22T11:59:34.993Z,5138,120,720,14.2464063,5.82718387,0.634837876,,8,1,5,39,120
73f2ae3a-656d-4b8b-9d5e-291af319c2eb,2024-09-01T08:38:46.018Z,11245,133,288,8.405184859,5.501062522,3.40604542,,5,5,5,67,400
674171b7-94e9-4f59-833d-8982a0eca404,2025-07-17T19:47:58.764Z,7602,32,292,9.500636871,6.636961085,2.525180904,,22,5,10,10,135
2254bb20-77ca-48ca-9da7-65c1b984cf2a,2025-04-16T22:29:52.877Z,18199,84,356,4.527063402,7.568747023,2.855077096,,3,5,3,78,82
ea171c5e-52a9-489f-91f9-52647d480b32,2025-06-17T00:00:15.482Z,14604,140,770,13.97235486,7.303145871,2.917506131,,15,4,4,86,160
f7aa5c75-7f5b-4e7c-b2eb-8c0fab91d375,2025-03-23T18:13:07.453Z,16208,137,521,4.809927023,6.569032672,1.690540511,,11,5,7,100,44
ac8468fe-25f4-4838-a671-0024dc373e5c,2025-03-19T18:23:59.583Z,4505,142,526,9.259221413,6.845686466,2.775512209,,21,5,1,94,91
04f6fd0e-8fa4-47d6-a876-6bf1e789fdc4,2025-04-15T09:35:50.996Z,12154,82,750,8.455922289,8.153926029,2.953871266,,21,5,9,95,450
2192b3a4-cf25-4dac-a16a-f3ed62e77cea,2025-02-07T08:54:47.124Z,6577,64,366,8.508041257,5.433133835,3.400638962,,4,3,5,97,338
358a91ac-1506-4189-a93b-85f3b5d61d19,2024-12-06T11:41:00.695Z,15317,123,449,11.44382841,7.67470945,3.14155877,,18,3,8,21,96
79d22351-67b7-43e2-84e8-aeb485ce622a,2025-06-25T14:23:40.583Z,14398,78,466,6.071273919,5.338686313,1.869167397,,15,3,6,54,152
e4e47730-c2d8-4c9a-9898-89375fb3239a,2025-04-22T17:34:57.490Z,18948,55,388,14.04314018,8.577698139,0.522012005,,22,5,7,40,296
bf621a6e-4f0a-40cc-97bc-f3c86458b8b9,2024-12-27T00:35:19.727Z,2244,14,299,4.799766156,4.008515706,3.392685946,,18,5,9,12,261
34f97e5f-79f2-43a6-9aa7-22347ffa1235,2025-03-04T11:46:22.083Z,17860,46,184,2.011247307,8.742119465,1.558121618,,4,3,3,3,388
82da06e9-da00-48a4-bc67-d20873ce5af8,2025-02-11T08:23:16.835Z,4159,48,188,13.90060384,8.110514133,1.591530481,,12,3,6,51,70
907f2755-fd78-4fac-bd48-6d3f438a1347,2025-04-16T17:40:38.268Z,2000,103,633,11.20612929,5.283475213,3.703255975,,17,2,10,67,297
35152bf5-abc1-42df-baed-9cc71cfc160b,2024-12-06T12:49:46.083Z,2275,128,198,2.336660494,4.898068958,3.724143696,,26,2,10,16,367
3d7af419-c01a-4687-9285-184233172942,2025-01-14T18:23:57.646Z,15460,179,246,5.468078726,8.273926526,1.007158503,,5,2,9,69,354
99cf0dbc-5d35-4878-93fe-fd360b2813ce,2025-01-02T13:49:24.478Z,6113,105,559,12.54263389,5.437152807,1.356239556,,22,5,7,48,144
ee32a8b5-77a1-441a-9cff-4464f51f3f18,2024-11-02T04:18:24.056Z,18757,11,498,7.912900366,8.829533831,3.544118163,,6,4,4,54,458
ab1ce16b-abd2-436a-907d-dbf5660e8507,2024-12-17T04:54:29.184Z,18593,21,666,11.7686967,7.439596683,3.806747578,,6,2,5,81,202
5deba95a-4e4d-4962-97df-ea5ef956f61b,2025-01-30T17:38:39.575Z,10234,81,739,10.83525985,5.980125961,3.231876953,,12,5,6,60,500
1d1cc914-49bc-4a94-8bb4-5d490a06f620,2025-01-14T10:01:38.408Z,17667,118,301,8.119843523,5.533000452,2.261595379,,30,2,7,11,196
cf00fa98-ac1c-4cec-92d8-589281bf508d,2024-08-30T06:02:27.769Z,4288,122,667,2.624845054,5.057526426,0.768944153,,20,4,9,80,407
ebbec69e-49dd-4aa2-9b85-5f3bdccbe502,2025-08-08T04:36:07.744Z,5791,86,212,3.017921471,6.799780585,3.998228957,,29,2,3,83,297
49064960-43bc-4ce8-bbf3-aeb6308ffa22,2025-05-13T19:10:02.422Z,11406,19,553,7.855081448,6.556620187,3.707255025,,2,4,7,78,244
bd41e687-e556-44ec-b060-d253a915dc1b,2025-06-03T20:30:29.712Z,17473,55,671,3.687363604,4.779725546,2.835379157,,3,1,9,92,132
70d9ab11-832b-4683-9260-0b1e32a3b2a4,2025-07-01T12:50:09.659Z,3093,163,167,7.686717219,6.178416718,2.098935757,,6,5,9,13,332
93dde1d0-d68f-47bb-bf52-9893f9289a0d,2025-05-24T12:47:59.206Z,8719,31,559,10.313507,5.307245374,3.355289338,,19,1,8,60,226
585069bf-a159-4a49-92bd-0a930fac2a92,2024-10-28T14:30:06.257Z,10289,155,686,11.06305065,8.408183062,2.795572042,,3,4,10,39,152
26d34f25-5d4b-4c13-991b-f9900ef349f9,2024-12-30T00:36:08.527Z,3493,135,505,4.784167605,5.215186585,2.354382739,,21,3,10,33,17
7c8ef3c4-14e0-4c60-883e-c1d7928450f0,2025-02-25T10:49:56.735Z,2386,141,618,4.588227107,4.325790592,2.208933551,,9,1,2,7,373
a9947ca5-b05a-4100-a252-b67db6843933,2025-03-17T15:06:34.796Z,17243,96,701,4.45223087,4.012932225,3.54834877,,5,5,6,89,468
505a55e0-2f00-4d82-a823-7eadd38e14fb,2025-08-26T04:13:21.376Z,9882,88,384,7.367160708,8.946811044,1.180222998,,4,4,4,27,80
01af7dc7-9d79-4cb7-a135-55c315b0fff4,2025-02-02T02:42:29.882Z,11714,115,550,1.823388895,4.961308461,3.671241656,,7,3,3,96,273
ea5869c8-d732-4300-9425-e0a728b43983,2024-10-18T15:14:00.232Z,12495,100,694,10.92383596,4.060830668,2.083753734,,19,1,3,73,198
19bd36cc-8297-4539-86ed-5a2e49474116,2025-04-25T08:24:42.552Z,10374,125,594,1.814884745,5.299264188,0.51938969,,26,4,1,31,353
c5df28e4-6bbd-4dec-89fe-a7f18dd87314,2025-07-17T14:08:58.803Z,2283,27,163,13.91182747,7.714781618,2.889964497,,29,5,1,15,176
e66ede22-0213-48e3-bfcf-4af5a561c151,2025-04-29T18:24:24.958Z,18243,157,630,2.49632863,7.420540548,0.625533379,,14,2,4,83,112
67805d06-1061-4c3c-a54b-b4de0baa0999,2025-05-18T14:24:12.698Z,19423,132,764,1.493261822,7.092941301,1.664090556,,6,2,1,53,435
ca235b82-86cc-4262-8764-eb2b5cd0aaa0,2025-03-27T18:36:58.362Z,9585,12,469,11.67381773,7.105508813,0.920045118,,30,1,7,21,382
2102a86b-f13a-48c2-bc68-344df61e804d,2025-05-16T15:05:11.226Z,7863,16,476,1.079254597,4.275679983,2.211606886,,19,2,7,85,500
8a8ae313-c735-442c-a782-d68a90886a0c,2024-09-28T03:45:11.438Z,7920,61,252,12.07627085,4.983948275,3.045555081,,27,1,5,56,474
d2211dff-5c38-4202-a605-d4f5248ec73c,2024-12-11T02:43:21.546Z,14335,59,485,10.81872763,6.052204203,3.104199936,,2,3,5,91,101
a591032f-3a51-43e1-b36f-ef5a49651e7e,2024-10-31T16:27:56.182Z,15976,156,312,8.701952114,4.444355281,0.992389817,,22,2,9,18,147
a0555029-3f6d-47f7-8c68-3fe0d9d843da,2024-12-03T07:09:24.981Z,7005,65,635,11.00035831,8.193654862,1.435063581,,8,3,5,74,187
92a0ac55-8971-40ef-a2c6-465b747485c3,2025-04-19T14:53:22.975Z,15401,101,620,14.32220656,5.87539286,2.286104687,,14,4,2,85,286
fe051f26-850a-4ec5-9a78-26c433f958d5,2025-08-11T02:38:55.565Z,6164,83,467,6.621113727,5.971232886,3.700913931,,8,3,3,39,41
dc15701a-0110-4e79-9bec-676580e05e71,2024-11-04T13:07:44.449Z,6920,151,500,12.14832442,6.603700766,1.88630416,,20,3,10,36,406
d0373fd7-83ad-48ec-acb0-c805bf6ee76b,2025-02-22T06:03:10.138Z,11928,32,783,6.557198113,8.738433443,2.012783444,,14,1,3,36,432
d3ce9b77-579d-499d-9e08-3f659661ca67,2025-08-11T14:20:53.927Z,16712,79,151,3.35444086,8.071430316,1.448592775,,22,3,4,53,135
644fe6c8-d9aa-4b88-b6e6-eef2ba1c44fc,2025-06-22T16:33:47.294Z,11916,179,417,6.656406347,7.345292299,1.6830175,,8,4,8,54,287
fc11742a-0eb8-4539-9d08-369883f2089d,2025-08-13T02:42:51.186Z,4719,53,454,10.58161569,8.954781232,2.143482061,,11,2,6,82,254
850d0b85-8761-4613-bcdf-bfc9395d4e6d,2025-01-23T11:49:54.193Z,10184,73,209,11.21982487,6.558346051,1.497308227,,8,2,1,55,452
da579488-6b99-4912-9633-d5ae2f1e35ed,2024-11-16T05:11:24.659Z,12327,43,784,10.67608306,8.783761663,0.824677314,,6,1,9,63,153
2b51f938-e639-4f44-aac5-b379cb50877e,2025-02-15T12:42:33.329Z,17826,103,530,11.93214866,7.037238331,3.188686316,,9,2,7,71,253
ade46626-0e49-49bc-ab79-9a5a0f903d29,2024-09-16T04:42:44.643Z,2079,10,454,4.633257435,7.838361632,2.239058336,,4,2,10,33,223
b4d5dfa3-f57c-4a9b-bb5d-7c67163e8eb4,2024-11-17T04:22:22.824Z,18244,72,297,8.63739039,6.608006808,0.938961049,,6,2,4,64,331
3f43eb96-d289-4a31-af23-e6280c7e791e,2025-03-26T17:31:11.583Z,11188,36,611,10.89712584,7.101372544,1.781759196,,26,1,1,34,119
1a80b33b-5eda-47f8-9d0f-2a83dfc5207d,2024-09-20T12:02:02.564Z,13771,174,463,2.002445369,5.888279516,1.149103075,,27,5,3,79,177
872a6159-7e23-4f21-b47c-e8331d789f8a,2025-04-28T19:47:05.555Z,15122,136,215,8.077832721,4.106036508,3.913680583,,12,3,1,100,440
b7f0a989-af58-46a5-80c4-1e7d8053c4a9,2025-07-11T02:46:13.885Z,7995,102,588,8.374211985,7.297536155,1.491307601,,29,1,6,69,336
c2a26f4d-c34f-4d0f-8c34-84c9ce7e4685,2024-12-18T08:12:06.503Z,19118,92,592,12.1950622,6.648243868,3.15244514,,15,5,3,43,186
5e04ec52-fcab-4034-a9bc-bffd0b03995b,2024-10-31T13:14:25.303Z,17518,38,618,1.431845427,4.058011141,1.886990279,,15,5,6,99,14
faf05140-1284-453d-92b3-b7599ca961de,2024-11-29T07:14:42.725Z,18062,165,707,10.66698669,6.298059637,0.712366105,,9,3,9,50,71
18cc008f-43de-493b-a2ad-37bacc774e82,2024-10-03T05:40:49.504Z,5942,122,666,7.588630826,5.068812039,1.652475753,,25,3,10,68,391
5f778b1d-6756-4278-8697-a00c2159e5c9,2025-06-03T12:45:48.638Z,14047,137,293,14.29006473,4.032130869,3.255841321,,18,1,8,42,454
2f4eac35-b074-46fb-9a43-e4ac9e8079df,2025-04-21T06:32:28.183Z,14198,46,229,4.676198793,7.45642256,2.213843811,,22,4,5,92,8
3f288e01-e5b1-4218-a992-d323df4d3329,2025-04-28T16:17:00.700Z,5376,146,512,10.66454442,8.891593705,3.4673938,,12,4,8,1,222
9857d0b4-7a60-40b6-9da0-73eed5237716,2024-11-23T10:56:00.241Z,2255,56,657,9.876707174,4.51143581,1.04722521,,24,2,2,25,2
f3af12a6-d116-4af0-85a6-05086a0d5983,2025-06-14T21:06:34.063Z,14671,137,290,3.148232107,4.20226426,1.107687075,,2,4,5,53,468
a2b73988-e0a9-47c3-8159-94d09561e00d,2024-11-09T03:43:47.656Z,9784,118,391,11.50029382,4.449299035,2.41335267,,16,4,1,13,304
3d48c9ab-be52-45fc-aeee-1ef9163bcbd5,2025-02-08T14:19:00.251Z,13483,53,301,4.359517842,5.28236974,1.102671595,,15,3,8,54,73
f6e50385-d1ca-4d48-88f9-a58578854a60,2025-06-28T06:48:47.370Z,10931,159,448,11.94015688,6.828063091,3.637990484,,18,5,7,50,146
3fb64c1d-c763-44a8-99f0-750274b774a1,2025-02-03T07:25:55.993Z,18089,176,261,14.8687898,5.011606217,0.753723736,,30,1,10,89,147
c9b0b222-780b-4599-a258-394ee84cdbd3,2025-06-06T17:16:10.136Z,13400,63,384,12.55395703,4.106157961,1.732700622,,28,1,10,36,50
4d3dd48b-6d99-43d4-8af2-7ae95c1497e1,2025-03-16T13:10:06.594Z,9445,141,193,10.04680789,5.658987341,2.226322617,,13,2,10,49,123
cd61f1f2-bb50-4ebb-9eeb-22ab04bba40f,2025-06-04T04:58:24.726Z,5902,169,459,2.207076811,4.430461086,2.557961949,,30,3,4,24,243
5b2ce912-998a-4b4d-9bf5-45fa796a9e44,2025-04-28T19:35:19.415Z,15387,27,305,4.151413318,6.880489347,2.741761425,,23,2,5,28,24
ce7d2859-54cd-4e40-96ea-cfb53f4e4c96,2024-12-22T06:53:39.239Z,16611,76,525,9.989278756,8.002022849,1.791691023,,22,3,10,99,490
50cf974c-4871-4516-905e-5def5899dea8,2025-05-31T01:35:04.044Z,4645,112,673,7.798624957,7.931459652,2.877351885,,25,1,3,54,490
340f0aa5-afed-495e-882f-97fe76c63c5c,2025-05-16T10:11:48.586Z,16978,54,475,5.402278834,7.076062764,2.806343619,,6,4,3,66,395
88da798f-a056-428d-accd-b5ed02a9fd4d,2025-05-17T14:07:50.788Z,9357,94,690,5.417846454,4.808285294,2.370936241,,15,5,10,87,62
9431590d-ad7e-4f03-a050-c62cff2f17df,2025-07-20T07:54:04.969Z,2861,16,213,5.981725247,4.924524616,3.908891785,,8,3,2,62,25
009720d6-6bf8-4b34-86fa-23fc2c5e5733,2024-08-30T05:13:48.961Z,4776,16,157,13.16797984,4.561221554,3.565307785,,30,5,10,93,76
c2b1058e-f61c-490b-8ddf-b2e006803561,2025-04-08T09:34:10.836Z,13279,28,207,11.31987512,8.084994795,1.933370782,,26,4,7,20,273
ff0c4222-dd44-4d85-8991-3c28d0c10a37,2025-02-27T17:25:53.611Z,9969,90,395,2.977818832,4.366579469,2.680268195,,2,3,2,22,462
8cce343f-f32a-4fb7-b88b-48fa54c1cecc,2024-10-21T18:32:21.083Z,12006,136,699,3.78954867,4.395449359,2.449465083,,20,3,6,67,223
9900d973-de2c-4542-91e1-2921ce9bb57d,2025-08-10T06:07:21.818Z,14941,140,331,8.759366737,5.026800689,3.315863426,,2,2,3,59,187
a6902e8c-936f-4810-a4d6-61d339c60984,2024-11-02T12:30:24.364Z,6650,37,212,4.457805869,8.810613178,3.689522649,,17,3,9,32,249
813eda9e-753f-4f24-9047-96ee484581c2,2025-03-04T12:22:34.571Z,3070,170,582,14.38377121,4.304742252,0.626983627,,10,1,1,16,431
635a0060-49f3-4fba-8fc1-126d8be7a0f5,2025-02-10T12:38:13.810Z,5552,18,506,1.525790249,5.768409669,3.755543734,,21,1,7,25,376
03edeaa3-e3fb-432b-a510-98f6f1339b4f,2024-11-24T11:14:40.478Z,4014,175,664,3.223196725,8.033207446,1.033420788,,22,3,7,6,25
d3b0396d-b996-4a50-99a9-2273a1e8dbc8,2025-01-29T05:52:23.492Z,7117,107,472,14.7243047,7.477132611,0.986237361,,23,1,2,61,450
0b81cc7b-10be-4b6e-91f0-ea1ccc5fb2cc,2025-01-02T05:53:26.158Z,12411,104,504,2.920608852,7.332263203,3.033501318,,7,4,3,69,421
a7eb52fb-8569-4ec5-945c-3f0f8f1157a4,2025-04-02T09:02:47.850Z,2701,78,523,8.952735893,6.175419781,0.927337748,,25,5,7,54,42
0d0f148b-9042-46f6-96a3-53df332343d5,2025-01-07T13:57:08.982Z,9851,139,741,5.756696191,8.420619626,1.260543898,,16,3,5,26,31
c6fdbfbc-2576-4dbd-9f7c-a6ae5512cc51,2024-11-11T08:07:11.548Z,9531,63,364,14.90439383,6.331658852,2.341265777,,13,2,3,77,217
9f9c7082-67b1-4e1a-a2bf-8343a5039e9c,2025-07-03T21:55:21.690Z,3754,141,742,5.231423874,7.046288681,1.534857821,,20,3,10,38,275
91c24ff3-14b6-46f0-af74-08d20eff7d4c,2025-04-08T19:59:54.791Z,15240,176,410,3.991513367,6.762970665,1.179941078,,11,3,6,54,262
c65656b0-92d9-414d-a63d-95156ec78ffe,2024-10-16T05:27:30.490Z,15212,24,364,1.556515151,5.13873818,0.80929141,,12,2,5,15,151
b151ac9e-cd04-4274-b990-c7a9a1a46d6a,2024-10-03T04:21:18.655Z,10133,103,394,13.64667735,4.986786811,2.394602946,,25,1,6,80,11
c4919ec9-61e8-44aa-97ff-4fa0bb6920c7,2025-08-09T05:21:16.351Z,15743,74,572,8.8508734,7.456757088,1.287823448,,3,3,7,39,183
761a4628-30c1-4a4d-a44a-295c02759969,2024-11-22T01:33:44.917Z,6426,163,438,4.087264363,8.706207209,3.269926563,,15,1,4,33,267
73d97c9e-590a-49d3-a276-9bf3837d34f3,2024-09-01T16:31:52.375Z,16353,48,359,10.78524356,6.401922202,1.914357475,,3,5,3,44,51
0f37962e-81d8-4bed-ba91-8672eeb899bd,2025-05-30T04:49:07.144Z,14600,92,367,2.961577281,8.448649143,3.714478953,,15,1,5,47,264
3cb3d47c-e54c-4b93-9773-073c949e2dc4,2025-07-22T18:24:23.080Z,13157,125,727,4.314821206,6.610829446,0.836087361,,14,1,10,25,222
1358007e-ce8c-4ba2-b5b0-afa34f716880,2024-11-09T17:38:52.559Z,6588,180,157,11.70369691,7.821579193,0.639071629,,15,4,6,50,128
ba901f39-d360-4506-a967-e4ea7e60091d,2025-04-10T16:18:45.296Z,8561,29,317,12.97605855,5.236395482,3.57946259,,6,3,8,90,99
957cf8a1-a848-416a-a2fc-4069bfe84661,2025-01-06T22:17:29.023Z,8649,26,484,9.03774621,8.192341892,0.903461538,,2,2,5,51,225
b4aa9b9e-67b1-426d-9f53-b36e8bc1402e,2024-09-06T09:26:21.303Z,6478,12,481,13.13610316,6.165332783,0.537992708,,15,3,3,93,363
c79363c8-a67d-436d-b37f-1a7f2c61e63e,2025-06-28T05:59:38.024Z,2868,93,604,4.652159391,5.542209146,1.263509021,,10,3,4,76,131
b3de16c4-3a3e-48be-929b-b659cf38ca4d,2025-01-28T02:11:53.802Z,18323,75,507,4.598201171,7.380071091,3.698000565,,3,3,3,1,499
5b08a89d-625e-4152-b48b-6a1c3c6d7332,2025-02-07T01:30:39.506Z,4869,59,532,10.81890935,7.313742339,3.999323702,,30,1,7,92,55
19760e53-f936-430f-b787-c74989582c7e,2025-07-24T10:25:17.191Z,18573,149,347,5.846394428,8.189501167,2.166616825,,30,2,2,22,264
97bfb385-4e9d-4316-adde-ea20ca125788,2025-02-05T13:03:39.565Z,5512,133,442,1.350238431,4.20230379,0.886484716,,20,2,4,83,98
84449857-9d35-47a8-b0e9-0ae5f4940d84,2025-06-12T01:37:27.447Z,6125,53,720,8.255468756,5.814167063,0.821948193,,10,4,5,29,363
d266c5fb-6921-4753-a4cd-6d066d127179,2025-08-23T17:42:37.047Z,4820,142,692,9.466612773,8.777960379,2.636742753,,10,3,6,19,472
3f4206a3-478f-4183-a06c-13b8a05ee089,2024-11-28T16:12:57.054Z,2059,89,477,9.437210935,8.268928656,3.300918775,,13,1,8,27,296
b43fbee3-1cf6-4c9e-a25a-897488b10c75,2025-07-18T16:35:20.197Z,4336,129,505,9.002003729,7.419459693,2.648495293,,4,2,2,76,383
b3e72d95-7f2b-467d-92ed-e6869bdfc537,2024-10-22T02:29:08.029Z,16253,99,473,6.430189257,5.895959217,2.750002107,,25,5,6,92,417
a4d2653a-4b55-4715-ab0f-e992544f6f7a,2024-10-07T00:53:21.868Z,15361,125,277,5.466379625,8.439998725,3.309419284,,19,5,10,15,103
76c6a4f3-5510-4149-b9c9-9c8e3f3b87b2,2025-08-21T05:40:23.157Z,17107,161,674,6.526353747,6.178549439,2.050697237,,28,4,5,30,255
7b78ac91-e52d-49da-a572-80c448091eb5,2025-07-30T02:32:24.640Z,14580,161,321,11.65657,4.507584671,3.327848313,,6,2,3,85,354
ff7bda6b-06bf-4df2-83c7-d97401c0bdd1,2025-06-24T18:30:18.009Z,2927,69,550,14.06271414,5.796307635,2.870661983,,18,2,7,66,346
49274d20-3fe1-4068-be6e-04817d8b60bc,2024-12-10T03:30:34.208Z,19812,160,518,7.739479311,6.960665987,2.254999058,,3,5,6,100,40
937cdb1a-9169-4278-8a9a-15b1a4185f6c,2024-11-30T07:10:11.125Z,5199,87,385,5.174737876,7.65948875,3.161782026,,8,4,6,4,7
3f9fed00-907c-4ad3-b612-326fcb4c541e,2024-10-28T09:31:15.628Z,7648,33,501,1.052325224,8.031790649,3.35570996,,16,3,2,2,425
6c644c1d-e388-4eb3-b7c0-de64fea5e4e5,2024-11-08T10:14:49.268Z,9542,20,380,4.058765945,4.38436783,3.484905406,,14,2,4,46,55
a39a24e2-a169-4467-8a4d-371bcfeba609,2024-11-12T05:46:09.953Z,16687,20,595,12.81653032,4.621500913,1.117585166,,29,4,1,38,300
24a61a5c-0e3d-4c30-b8b5-7b79a7b35f04,2024-11-03T16:56:31.600Z,4196,178,473,14.36366756,7.46261048,0.632387698,,4,1,10,35,290
18a5348a-d3e3-4220-81b0-2638033c8622,2025-03-15T13:50:45.312Z,15026,122,150,10.46708945,7.449554458,3.853204822,,18,4,7,6,379
5afccb4b-954d-4ec6-90b7-821417b28b8e,2024-10-16T18:06:22.337Z,14360,67,772,8.402393626,5.606209991,2.992732955,,5,5,1,97,12
c950b53b-ecf9-4311-808d-f9e0fe8c6532,2025-05-16T04:43:19.275Z,18375,30,776,6.398106479,6.048082564,1.584404168,,2,3,3,84,27
feef4dbf-ab06-468a-bea8-9a7746aade83,2024-12-19T04:13:33.831Z,10706,147,342,4.929348766,6.045634652,1.684710604,,20,1,8,37,119
23a117bd-a1f1-4b54-b519-98fba895eb0c,2025-03-15T11:55:37.459Z,9363,132,631,12.82036978,7.954230895,2.422596197,,2,4,9,56,167
0e53d24f-b10a-46d3-9750-0bbe94648bac,2024-10-26T21:56:34.765Z,11807,36,347,6.034112766,4.818188811,3.755585533,,8,5,4,6,205
e282a23f-5f3f-4b95-9dac-2d309a7dda65,2025-02-01T07:41:20.590Z,6128,80,226,6.948596675,5.351012161,3.626622098,,9,5,6,99,405
3e67fb24-2fb2-4abc-b998-a2b4bb25773c,2025-01-03T13:38:01.455Z,7560,152,368,5.247388337,8.708474287,3.951361275,,22,1,10,60,323
ab936400-f84b-4917-b495-cbd709a100e3,2024-09-17T03:47:45.601Z,16769,23,403,6.43169606,6.476263283,3.727427801,,3,4,10,22,352
599e14d6-0c2d-49e4-addb-da93899c96cf,2024-10-18T08:26:49.524Z,13522,50,295,8.290799031,6.231033926,3.556421626,,4,4,7,27,415
04f4edbb-ee0b-4112-bb1a-487491f4f6c9,2025-08-06T02:22:36.976Z,7055,39,247,10.90132911,6.367123346,2.253298435,,7,5,2,12,289
2e6d6577-ffe1-40fb-881b-5b8e1baea9ab,2025-03-01T22:58:58.365Z,19399,124,164,4.817237063,4.27529869,2.40874183,,11,4,1,45,399
72ebb430-c0e6-4579-987b-a24d50432df4,2025-08-26T01:55:04.292Z,2161,55,301,11.00834135,4.749289022,1.137622304,,29,1,5,15,253
8e0f65db-0555-4f32-8b45-fad8796d1695,2025-05-11T14:58:25.488Z,13984,14,166,4.84698758,8.844711209,2.828141515,,1,3,7,22,61
fa86ee16-1fe2-43ff-8137-cc2a2552e38e,2025-04-04T04:57:11.116Z,4002,110,684,10.51751378,8.490199088,2.834587975,,18,2,5,6,459
d2c2aacd-abb6-4355-8729-bf8a121da829,2025-06-10T04:19:39.127Z,2511,154,750,14.51562598,8.807922058,1.013742732,,1,4,4,65,47
4161f6a2-a5c5-465b-9a51-3b673fdd56d5,2025-01-27T06:38:10.964Z,11919,131,643,9.785834406,7.77130573,3.805567435,,8,3,4,78,19
f3da9e34-60e5-43fd-a54c-eb94a0ef2e38,2024-09-18T21:28:44.998Z,6773,174,737,13.49631701,4.592674464,3.813890532,,25,1,6,32,194
ae7a5b4c-39d6-434a-9008-251ac95be948,2025-03-18T13:52:21.183Z,2421,129,260,8.292234395,8.057421183,0.915305763,,8,4,9,98,34
ed85ae4b-3ecd-4901-aa10-f7642bfd02db,2024-09-30T09:04:51.486Z,14976,19,789,14.65716264,5.776388586,3.114010921,,13,3,8,47,283
3002a07d-863b-41df-bc11-4d66e1171fe6,2025-07-14T14:31:20.194Z,9734,96,545,11.02923114,5.410392348,1.175595981,,25,3,5,95,416
93e9371f-d727-44f6-95b8-7e8d7f266e1f,2025-06-22T05:22:47.340Z,2534,51,755,10.21945581,8.792542421,1.103000094,,29,3,6,78,275
adbe32d8-fa41-4540-89ca-1741266e9ded,2024-12-15T02:42:37.535Z,14990,64,602,8.601465526,7.78951759,3.208837431,,4,5,1,78,162
779a215d-d1ff-4729-946f-46e786e6afd6,2025-03-03T13:43:29.413Z,18243,51,458,2.094286832,6.197408011,0.870370016,,11,3,8,73,137
d9d96801-dd71-4bf5-a905-5deeaba70909,2025-04-25T04:27:17.322Z,14211,171,284,8.656416994,7.507556568,0.632492786,,6,5,9,54,373
4565d0ae-3cdc-4cd5-8a7e-df697937431f,2025-04-01T23:25:47.037Z,12942,156,373,7.489338452,8.108029363,0.73017699,,24,5,10,8,221
6629a8f9-cecb-4dd1-97fc-2aa1e3fce7bd,2025-06-22T16:47:44.368Z,14892,94,375,7.987343718,8.01168648,3.288545738,,30,5,10,35,289
4a9bdf18-b159-4a11-b0b7-2fa39ff28e57,2025-01-15T18:09:57.999Z,12758,72,432,8.233349164,5.106017192,3.012678017,,17,2,3,96,42
4224c24e-762f-49df-a22c-1b526823ee56,2025-03-10T01:28:06.159Z,2919,111,627,2.006138526,4.587479431,2.420710699,,17,2,5,10,320
092200b7-a299-4cbb-85fc-ad3f61dd93dc,2024-09-11T09:26:58.301Z,4878,32,309,3.273777054,7.68417207,0.79918978,,17,4,6,40,259
ed5ac7cf-b85c-48f5-bc90-8c0e5d56d101,2025-01-08T13:14:10.024Z,3148,115,473,9.02973453,6.673263662,3.881043408,,15,5,1,88,290
cc1d2d41-cb13-4b25-838c-f224bdcac072,2025-01-08T17:01:00.918Z,17350,115,485,8.023585443,7.55658223,2.770984689,,19,5,3,13,218
6115e6b2-54e5-4449-83e7-2099050a04d6,2025-03-10T06:07:55.392Z,7626,70,746,7.085874578,6.259811052,1.552766718,,4,3,1,29,362
8f5ed206-3e55-41ce-9809-e8648d4d15dc,2025-08-02T14:07:54.977Z,10645,29,525,3.303183357,4.236468146,1.943909119,,9,3,5,7,379
2bf6305e-970a-453c-b083-ff9267c0e35d,2025-07-20T18:50:14.364Z,19679,105,150,11.32233449,7.897787374,1.949023512,,13,5,1,51,279
e9457e39-75b3-4670-9b5f-304f3d73d478,2024-10-17T07:42:28.543Z,2031,58,611,13.57439152,5.986652144,2.348369477,,19,1,5,70,214
def13900-88db-4e0c-a9a9-1363031a08b9,2025-02-13T15:01:34.532Z,14134,40,277,6.688716979,4.059241184,1.244086551,,4,5,7,28,379
9fdcaeb3-4996-4512-a548-fbac64d871a2,2025-01-01T00:28:45.744Z,18200,140,376,1.14320446,5.111693237,1.439761837,,24,4,7,32,267
00d27343-68a2-4448-8e6c-804c262f5e09,2025-07-14T12:05:55.113Z,18554,155,600,9.066607477,4.54760641,2.312600064,,13,5,6,22,13
fd01d16e-f28e-4945-b671-e07a79e4bf51,2025-04-29T19:46:36.811Z,14271,120,420,8.594843179,6.352441109,0.559820645,,29,2,4,85,48
0007aa52-6ae2-4f0d-8f5b-b7fbfbe3b48b,2025-05-04T04:26:53.559Z,15806,119,670,2.628613006,6.447704851,1.593791421,,26,2,8,36,107
ecdc0d77-234f-42f7-8bf7-bd853056fde6,2025-03-01T13:43:33.005Z,8798,91,303,11.07620637,4.304785587,3.667753796,,12,5,9,38,269
939658f3-5b32-4305-bde2-aad839c305e9,2025-05-09T16:55:04.288Z,3095,106,153,8.94719838,6.039449479,2.75499327,,19,3,9,28,330
f7ddd0a7-d8b6-4f01-837e-be62f147748c,2025-01-16T20:06:22.780Z,8496,134,279,2.366338992,5.786239782,1.871350065,,23,5,1,75,495
d8d01b4f-4e3f-49e0-83b9-9fdacd354db3,2025-03-18T09:42:08.157Z,18715,159,319,8.349768992,4.490892328,2.950265152,,25,2,3,58,65
43875203-e03c-4ee1-9ba3-b90d7c485850,2024-11-16T06:46:04.783Z,17230,119,608,14.5874616,7.915978192,2.505793256,,5,3,10,17,98
86818027-78dd-4579-a072-e53bd4b07df9,2025-05-15T00:04:19.973Z,15873,71,317,1.792139536,6.712106012,1.940540262,,12,5,4,87,252
dc131610-7e71-4e62-a095-6ddc06ea006d,2024-09-30T05:01:30.120Z,13943,118,641,8.481033672,7.743879345,1.85451669,,4,1,2,93,459
99fb3843-8abc-4d38-96f3-869649f2d7d9,2025-07-05T09:12:25.896Z,11404,104,602,9.207725031,5.836680353,3.078179857,,11,4,5,75,268
db4a549f-e94c-48d3-b01f-7b88c734ee91,2025-02-25T22:12:31.174Z,13615,123,651,2.877084649,8.380215209,0.50086802,,22,4,6,89,438
1e35d59d-f9a8-4a7b-bb85-51e719fa4370,2025-04-23T09:59:44.822Z,10334,15,286,3.794592503,8.139155267,2.292110472,,23,5,4,34,450
8de71687-ba4b-4e20-a9a5-411d6ead99f5,2025-05-22T06:45:29.676Z,11558,165,389,7.616549372,6.61304716,3.803346132,,5,3,4,8,217
ef5f054e-1414-4eb5-81a2-e3b25d27d3e1,2024-12-21T22:17:59.620Z,8970,96,416,6.19636417,7.691163294,3.731380885,,14,5,5,79,484
237d9db8-f17d-4375-973f-4699a567a135,2025-06-21T20:39:49.532Z,12062,81,535,8.658358338,4.848890465,2.515277819,,5,5,8,76,387
2cf0d7f2-ab2b-470e-a130-ffd5d500e1df,2025-07-16T23:15:25.290Z,5551,175,747,9.010876032,5.460701422,2.580973535,,27,1,10,37,45
2c59eed3-6e56-4e2d-9b95-f5086e7bbe85,2025-02-16T12:13:16.084Z,17683,65,763,14.57911776,7.5523216,0.509631986,,15,5,8,58,403
28523ace-3f07-44c5-a76b-1a9aaa3d574d,2025-03-13T20:36:09.528Z,6083,41,253,6.077195563,4.602379984,1.868527483,,15,3,10,33,211
c4519650-2068-4120-ac83-d31fbf990deb,2025-04-11T10:49:53.847Z,12313,96,271,13.71127274,7.586057029,1.327236058,,14,2,3,92,392
2d64093b-cb0b-4b42-a2ed-61b8c538fdae,2025-08-22T18:23:51.920Z,6786,133,291,14.42798658,4.32999112,2.699925639,,22,3,6,30,210
08ffb8ad-b732-4afd-9b47-fde2aae16b29,2025-04-04T08:05:58.486Z,16496,107,531,13.10768546,4.326244069,1.374084969,,13,2,3,60,176
dd309af5-adc6-47a5-8070-2b02616acc8d,2024-09-02T20:53:05.058Z,6950,32,253,13.91998361,8.471235289,1.440846653,,29,4,10,97,60
2bb3b208-b6d4-4192-a99e-ae847784b67f,2025-07-01T05:58:55.665Z,13104,127,567,1.972636678,6.532155184,3.416657077,,28,1,7,11,255
bb1a696f-65d1-417e-a965-aa0ba61a8486,2025-01-15T09:32:50.173Z,14673,144,631,9.405972727,5.672735187,1.515584347,,15,2,10,7,349
e1322d4e-181f-4645-95f2-ed2b97df346f,2025-07-31T03:32:34.376Z,11791,165,186,4.044202904,7.141999799,3.786093043,,25,5,9,31,128
40b155d4-8681-43d2-a3d2-a08138fa8953,2024-12-23T09:18:58.493Z,3390,75,568,9.403051862,8.464750459,2.292456118,,9,3,7,7,163
0dbfade6-13fc-4d9e-ba0f-5704a0a977e9,2024-10-17T13:42:57.490Z,10592,117,797,4.832931792,7.478443691,1.24350875,,19,2,9,40,256
898cfc2b-3142-44b1-bfdd-c3cee5ca435e,2025-07-12T01:41:14.892Z,10370,61,750,4.451213651,7.817280204,2.314052921,,24,5,6,28,427
0e48541c-8648-473b-bbf9-cb75b9c2607d,2025-04-05T13:19:38.660Z,19750,67,337,13.43112735,8.088853135,0.809676986,,28,5,4,56,462
89f4a935-fef1-4401-8f2f-f3422622d6dd,2024-10-03T01:43:54.042Z,12823,40,588,10.78264837,7.48855265,3.304418187,,5,2,3,7,329
602268cf-9a73-4084-9055-0f2104e4b93c,2024-11-19T05:59:12.402Z,17078,137,317,10.16387351,6.404802331,2.75922055,,5,5,4,84,271
aba3c8fb-a943-41ee-9fce-d69a52b8fd0f,2025-03-08T21:01:10.611Z,12531,73,518,9.36680773,4.960445578,0.998909246,,24,4,2,33,22
9083ce58-fa11-46fd-9040-266a4c60045c,2025-04-28T00:14:02.039Z,14383,146,561,7.811231683,4.454673405,1.089306202,,4,4,7,92,402
6f539b3c-3b77-40fb-a4fc-d0fe9f22948b,2025-05-24T20:27:44.725Z,6616,60,175,4.006941869,8.55888939,1.968763068,,15,1,8,52,305
14639bf3-f6a7-468b-a7a2-d3fc9148595a,2024-11-05T17:43:46.116Z,6221,93,636,3.819608555,8.339888089,2.843880533,,8,4,4,93,278
c4806f48-04be-4d4c-90c5-ea450810b825,2024-09-28T09:19:36.940Z,19522,60,765,7.520543261,5.807356391,1.302066282,,28,2,8,85,20
d29d9963-c42b-4a28-adfc-145f8fa5d9b3,2025-06-08T13:03:17.403Z,5635,124,694,8.240610871,7.395192877,2.313694721,,5,5,10,22,355
f8d79d80-f9c9-48f7-8045-a4fb0ccf8b02,2025-03-26T03:35:58.783Z,8307,90,233,6.866009391,8.222311937,2.508349945,,30,1,10,41,301
793003d2-f6a8-4b23-ac2b-f5edc112a968,2025-01-17T20:23:27.755Z,7310,75,253,9.612828677,8.085294381,0.722274008,,17,3,1,87,204
14bc8556-fc95-4edc-a482-890a80f6682a,2024-09-23T20:12:19.533Z,13872,179,295,14.58488774,6.734455263,3.557910673,,13,4,1,95,40
ed3c5e21-0234-438a-a120-fda722d41f58,2025-06-17T01:33:33.961Z,18430,36,498,11.03155587,4.859960462,1.450951062,,11,2,10,100,34
0d20999a-80b0-4175-8762-3f4a056512ad,2025-02-12T10:04:30.295Z,19653,64,494,14.20537957,4.373655313,1.963498508,,4,4,10,99,315
c1cdaebb-0169-4528-8a03-9477f2cb395c,2025-04-02T04:52:05.772Z,3202,174,541,3.566520195,8.398141751,1.792179129,,18,2,1,15,420
ccf32fb9-683f-480e-b3dc-76ef451266b0,2024-09-18T23:37:58.656Z,7206,148,571,1.68649778,8.12265156,3.58716936,,28,4,2,65,420
bf7da693-1078-429f-b5d3-104f252806a3,2024-12-13T10:19:37.883Z,17423,64,274,7.394943478,8.571681705,1.238570325,,3,4,4,2,440
67880853-23d0-4639-8597-11b463b82ad2,2024-12-22T01:46:13.068Z,8619,36,573,4.501138712,4.493930606,3.257304888,,5,1,5,74,255
33cf3fc4-13b6-4b27-8930-53c6b4d4c462,2024-09-11T00:54:40.535Z,5706,97,341,11.91992624,7.447907816,0.578348336,,10,4,8,18,28
75a5af46-60d6-490e-81de-eb48edf8d719,2025-03-20T01:34:14.392Z,9439,23,237,13.88621836,6.565910597,0.931666337,,21,2,8,59,383
8fc29e86-036a-463f-80de-448e4491ad79,2025-02-01T00:55:42.200Z,11521,121,389,14.53975397,6.891523804,3.897538875,,27,4,7,61,491
10c3fe6f-e5ce-44ec-8d1b-a46c360cd473,2024-12-27T11:25:28.622Z,17208,109,359,2.743328553,6.52501701,2.926408643,,3,3,10,81,31
9a421ff1-2c7f-4181-939c-220756a10df1,2025-06-03T01:08:12.885Z,7482,67,573,2.476358382,6.340005309,3.601718689,,20,1,8,62,188
fc352290-d1ef-4e3d-b1d5-fb404f94339f,2025-02-13T05:07:04.477Z,17477,104,643,13.75917833,5.962116072,2.189412186,,15,3,4,31,304
559a8ba0-69dd-4973-8c3f-a22a33b6f954,2025-06-25T02:37:21.554Z,12946,151,633,3.692015062,7.367084058,3.404982164,,7,1,9,94,132
cc0d8013-e012-4095-8ab5-6bf79e33c607,2025-03-11T19:20:37.548Z,4058,89,231,12.65008816,5.246239907,2.945282895,,14,5,1,4,385
875cbcd8-b6d5-4d90-ac1b-6ee91b4b6440,2025-06-08T23:54:26.788Z,7505,82,671,2.155132853,7.934779121,1.310893065,,21,1,1,51,90
00cea4f3-c1f6-4e80-9447-8116d6f0d705,2025-01-28T19:12:59.017Z,10150,71,241,3.36968268,6.935670683,2.157462591,,1,5,1,2,132
1b89e255-9eb1-4da3-918b-edb3e056089a,2025-05-20T16:28:29.292Z,14566,144,498,3.833913968,7.07674784,3.107781516,,1,1,10,56,8
b0c5d0d6-d801-413a-88fc-4173410a0fa3,2025-04-09T11:47:59.576Z,10748,178,376,12.01798647,6.803142304,2.01190602,,2,3,9,27,282
be5c1f06-26ae-4e24-be9a-f355be5f99e6,2025-04-18T21:47:10.260Z,15486,133,641,9.992530907,8.011367997,3.256560498,,29,5,1,82,226
b153a1d0-8a23-4366-8b07-a5e534b64ade,2024-12-19T11:17:57.008Z,17381,109,758,12.47441358,4.356562297,3.514381766,,5,5,8,86,42
d793044c-55de-46a1-9dff-65c0efc1acd4,2025-01-29T22:18:47.522Z,6380,112,486,9.491610186,6.044970461,3.568175694,,5,4,10,34,52
f78c40dd-3e09-4d66-bf38-48f1c666bb8a,2025-06-04T16:08:43.031Z,6510,109,248,11.81486715,5.529963913,1.158195539,,26,5,10,34,51
c1e59618-e421-43c8-b349-8cebe755b58c,2025-05-09T19:48:14.066Z,6214,45,311,14.87421628,4.465149196,3.118535016,,9,5,10,27,106
309c022e-2721-47ed-a9c7-54825c0953f7,2024-10-27T18:57:17.509Z,13700,35,778,4.311056941,7.797728646,3.839120738,,24,5,5,22,123
b0729aab-f401-4eb7-8ad4-5d26a2a45129,2025-04-07T06:02:56.348Z,18945,71,521,11.78688613,6.893360701,3.382642084,,3,4,10,61,456
c0f72964-5d74-43d7-866f-47a670a5dbc6,2024-12-25T01:01:36.745Z,7739,152,770,5.16074348,4.0542744,0.592963072,,10,4,10,69,480
ab5ee7e0-7ce4-4ec7-8300-16ef22d6617a,2025-06-09T22:36:47.802Z,11028,100,201,11.74044876,8.229418001,3.628269189,,19,2,9,15,141
ac8abf1b-7d04-4ce6-bbab-3174294376f5,2024-10-13T13:08:56.493Z,18635,68,279,7.15899162,6.878104716,3.047665179,,2,3,10,4,149
031b0cc5-2db4-46f3-a031-b26c97f73904,2025-07-05T22:45:23.883Z,17580,24,533,2.991160797,4.924893848,0.522638784,,21,2,7,100,65
67ca38e0-6c95-4772-af3f-7e3eedbf1981,2025-02-08T21:44:43.227Z,10909,140,248,4.991406092,8.114527428,3.14098255,,10,4,2,50,239
e1fb485e-5c84-48e3-b897-01f35a2755dc,2025-07-31T08:57:09.712Z,5818,76,539,11.0052895,8.503056747,3.651214392,,4,4,2,66,170
ae0bdc4e-5392-45dd-b2ee-c0cc4b9685c5,2024-12-19T19:00:19.133Z,17807,144,518,11.48592821,5.707582885,2.722313881,,16,5,2,5,260
b036a877-6bab-4f73-b1ea-83abcd8d8ff6,2025-07-04T10:32:08.267Z,13460,44,721,7.116339788,7.530896219,1.828015625,,20,1,9,84,41
d0c11f00-40c7-48cf-a09a-503ee5f18e7d,2024-12-17T09:22:36.489Z,15907,139,272,1.803988578,4.705538308,2.378131002,,16,4,3,51,485
4f9a4f2c-b834-4582-88a9-485e4676b46d,2025-05-20T12:58:33.865Z,18131,128,755,9.769777988,7.079438753,0.8485019,,29,1,1,23,216
83f8f8e6-1cdb-4c1a-bc6b-9fc44c3a495b,2025-08-01T10:25:31.067Z,12867,117,315,3.298398639,4.544376007,1.134133424,,26,5,2,73,238
24fa6f53-1993-4712-a050-8f76eebe34f2,2025-02-09T12:51:00.551Z,10768,172,579,5.497088766,6.271967108,3.073683959,,5,1,9,20,500
a453756c-0ff3-47e0-b943-493d58b93518,2025-08-13T08:24:21.419Z,3681,173,189,1.644840852,4.657173829,3.195535443,,25,3,4,40,91
7902fecc-3048-49c3-8276-6ff8dfdf62aa,2025-04-20T13:56:09.075Z,17815,133,210,13.98594178,5.81622716,2.977554226,,10,2,9,67,263
37743694-6c1d-4664-9578-2c3014dc4c08,2025-06-10T15:21:51.060Z,15626,61,570,8.908654043,6.739721312,3.957823254,,4,5,4,66,222
24ea9f9d-091a-4264-92a7-22c83588bd11,2024-09-29T17:36:51.735Z,5486,168,337,4.676260974,8.492210565,2.176672931,,1,2,1,30,42
dd8ddc17-2284-48f3-9333-3f7a65bb8d67,2025-05-02T02:20:37.947Z,17267,26,195,11.0012495,8.911830252,2.449776031,,28,3,5,30,107
3e8d8366-0cbd-496e-b8d2-141d0fda6774,2025-07-24T09:34:20.506Z,2311,124,252,12.85306467,8.838914472,2.435659502,,2,3,9,12,144
f86cf212-3c61-4edf-b2f7-cfe20e6dcf71,2025-04-05T21:13:53.417Z,15123,79,394,7.071947507,7.310066045,3.779228555,,22,4,5,78,340
ab69422e-f1e8-46a3-ac79-2e25e1c6d30b,2025-04-02T19:02:58.559Z,9378,140,654,13.9618262,8.611273152,1.10796678,,25,2,7,71,272
e0c728d0-e493-43e2-9bcb-e31cab203401,2025-07-12T10:31:00.140Z,8255,122,393,14.25171371,4.745725284,3.176440506,,4,2,2,17,35
09721317-8b13-455a-a85d-452310e0877b,2024-08-29T12:14:25.379Z,8186,116,513,8.925541522,8.950112475,2.178084095,,20,5,3,92,350
a84e86c5-7e6e-4d16-815d-8db53b7cfa38,2025-07-24T19:20:27.546Z,5134,180,231,10.77507523,6.210535151,2.790739865,,6,4,4,32,16
7961715d-8363-4849-9413-eddeb1c35260,2024-12-04T17:56:00.132Z,7164,25,364,3.450891252,4.724543682,3.668372849,,30,2,1,70,47
c3078aec-0700-4de2-9400-c9326a843e1e,2025-03-31T22:01:51.594Z,6759,125,370,12.67779903,6.227313876,0.623702866,,8,2,2,74,367
1fa29ad4-425d-4f8d-8de6-342e7fec997e,2024-10-21T22:42:04.625Z,14497,180,258,1.477523179,5.562812533,3.693241395,,2,3,1,63,234
56e1ee3b-578f-4256-b734-0ed2e3e1ed0a,2025-05-30T06:31:25.045Z,6070,137,628,6.534602466,5.454639698,3.991645304,,15,2,5,96,61
9e8adfd7-8235-4bb8-8b91-45985a1b8986,2025-04-28T19:02:08.009Z,18198,35,219,12.26588963,8.559748194,2.172893241,,21,4,9,42,323
3c29e189-8860-44d2-9180-b82f591cdbed,2025-05-22T20:18:55.513Z,14296,72,744,10.09481035,5.140082576,2.032927164,,30,3,4,37,72
8b9ac87a-8869-434a-aa68-0222eeaf5549,2024-08-29T23:16:17.251Z,19993,78,580,13.56161198,8.129360362,3.53109368,,27,4,6,73,378
fbab5333-2432-4731-844e-45591e277ad4,2025-08-19T16:59:00.366Z,14210,23,246,4.571694067,5.520620849,0.584779083,,13,1,2,9,254
f80e9296-ec77-47d1-9e21-edba841c7604,2025-03-15T16:21:12.397Z,2973,132,358,8.349169286,6.019797663,3.960629564,,26,3,2,74,52
879271a3-5d6e-4c90-a714-ab2f5877b90c,2024-09-26T15:23:27.128Z,14602,68,159,2.252351927,5.267717731,2.591931512,,22,3,4,37,31
9118678a-79e8-4624-b812-feb2019bd4df,2025-06-19T21:47:53.907Z,19160,66,211,10.51695199,7.814103088,3.754184388,,4,1,6,94,356
8d653e19-c3c1-4034-9cf1-78e992e88b18,2024-11-18T15:27:06.500Z,16958,72,748,11.29308678,5.10390063,2.930869833,,4,3,9,20,10
c873813b-4993-4c3c-aaba-336a181c054c,2024-10-05T01:12:09.430Z,12493,133,658,6.32856808,5.967408266,2.797690142,,2,2,4,70,40
895900f7-2378-43e5-9dbc-b69f2c53cbaf,2025-01-28T23:36:40.636Z,9781,172,598,11.20010718,7.925946392,1.39417102,,21,1,3,21,380
5877bc99-c0a8-44ba-9291-43bdc090223b,2024-11-01T05:52:57.788Z,14696,151,188,13.08831199,7.532806373,0.601809888,,17,1,10,55,73
2c9566e5-df07-4eb8-a2f1-c29a246d2977,2025-06-24T19:00:43.435Z,8594,128,558,7.311994186,7.7196797,3.948444724,,10,3,4,87,71
bf59d504-2901-4887-8840-9432d84256e3,2025-08-25T13:03:39.126Z,19576,125,611,8.000757629,4.511480427,0.711400472,,21,4,4,22,329
72a41b85-f5c3-4d03-9472-d831e0f3d6e4,2024-09-04T14:03:54.467Z,11209,103,199,6.397521737,7.542298814,2.385718979,,6,3,8,82,243
c26b7aa7-8b1c-4a94-8bff-56cc2b1ac05c,2025-01-25T05:26:51.137Z,2433,71,667,5.030258761,5.526283633,3.479611133,,16,1,2,28,189
9f793807-40f2-4e89-bc83-124c7e7e2e28,2025-06-26T16:06:00.965Z,11939,68,482,6.037122007,5.057140157,0.641179468,,10,1,6,61,341
303dd872-e8b7-43aa-a174-931a61ef4bc8,2024-09-10T01:42:28.140Z,2140,86,509,8.031320468,5.446102706,2.116066673,,10,5,6,87,243
18d56c10-5858-4e7a-ab01-84e0f9552709,2025-06-09T23:28:29.384Z,14323,19,203,10.45992052,6.316742621,1.74955573,,13,2,1,1,162
1a9a3322-4e3b-4369-b55d-76c6556a4f8b,2025-06-15T12:26:23.713Z,5885,117,587,9.985673498,6.096243465,1.654841361,,2,3,4,96,349
0944f6f6-df3a-45da-bf1a-60eef8af9b3d,2025-04-19T22:17:06.021Z,18274,129,274,13.25327819,7.320466126,2.957664937,,27,5,3,44,33
acaa2468-49f8-4e09-8c47-ff39a134f260,2025-02-02T04:17:02.292Z,2126,41,436,3.820170173,5.149948012,2.572384114,,15,3,9,65,394
75c5f1ba-f1b2-4256-9b7d-8a20eff6b828,2025-01-23T06:38:27.667Z,13533,164,481,9.304347466,7.221720082,3.254868816,,19,5,1,71,215
1dac7101-abad-4e70-b2bb-3f5d9ec770d8,2025-04-28T14:45:13.956Z,7381,61,727,2.171134812,6.738992677,1.146160621,,12,2,6,4,436
85a821a6-15f2-49e5-a413-c447870f27b7,2024-09-15T13:04:03.312Z,8387,43,216,7.487171662,6.893195214,3.480831434,,8,5,3,92,134
04b407ff-451e-4205-baf8-8798865322c1,2025-06-28T05:38:48.900Z,7655,69,347,2.882503955,4.796349766,2.391095049,,28,4,10,7,69
4124c8fb-c58f-4e41-9849-34a6d1927f92,2025-04-06T19:16:47.798Z,5479,58,221,5.184969633,7.915584091,3.794019099,,9,1,10,15,139
b076038e-92b4-4a93-90b7-2ae46ae783a9,2025-01-11T08:46:53.133Z,7156,179,466,6.765473612,5.789833705,2.974801549,,29,5,5,22,18
a758c40c-fbb6-4aa3-90b3-054ef4d9655d,2024-10-22T09:41:17.849Z,16424,94,186,5.579712655,8.454739246,2.518514349,,24,4,9,20,14
6e926082-e967-4e40-9321-a1389a65dbd4,2025-08-11T17:16:11.567Z,6075,116,637,14.5926354,7.814241365,2.037759486,,26,1,2,69,158
0167120c-4df7-40a0-b334-22c3a7057b28,2025-06-25T06:24:14.279Z,15014,156,515,1.455780593,4.293380583,3.384234641,,25,4,4,2,199
f1f238cd-4a60-4354-8066-126a47d8ff4c,2024-09-02T12:39:10.821Z,5110,148,673,6.571648261,4.186180064,2.200472733,,13,3,8,100,430
81716ea6-9988-43cf-ad0c-343f86719cad,2025-03-31T02:06:08.078Z,7326,92,457,13.84936864,8.951732401,2.734402353,,16,2,9,80,125
5f58b16a-7bc1-4f82-8596-27b6416c11b7,2024-09-16T01:42:56.620Z,7268,70,469,9.578866397,5.218067022,3.113532014,,29,3,5,81,273
a929212e-584d-46ef-ab6b-ed098f3310dd,2024-10-04T11:21:36.858Z,2979,95,367,8.596104003,8.918353339,3.962721456,,15,4,4,87,212
62616d4e-bf5e-413c-a8d6-85c2959f13be,2024-09-12T18:28:33.465Z,18270,84,437,1.19175505,8.9094162,3.216758343,,22,4,3,100,247
5c42aa22-d294-4d7f-9c65-b0de6d8a1764,2025-02-13T00:54:34.059Z,15420,177,264,10.20963781,7.608597281,3.344183342,,17,1,5,61,63
c9dcee22-4045-462c-bf99-791d1852f01a,2025-05-25T17:59:11.912Z,15242,86,641,6.784620672,7.105345421,1.002329859,,11,2,1,36,407
a19b5d5c-3a1e-4348-99d5-34fbab344dcb,2024-09-19T05:53:24.808Z,4443,110,224,3.245821872,7.217884683,3.692121881,,1,2,8,67,482
362ad9c6-9435-4c1b-8eb5-b521437554c0,2024-11-16T11:07:32.652Z,6353,64,512,4.312786621,5.317212415,3.294432249,,25,5,1,16,462
4801ab04-c8b6-46b3-8bd5-b9c6799ffd54,2025-08-12T01:21:50.413Z,2621,165,798,14.55562626,4.434113423,0.673692219,,2,4,2,52,55
2c6c7dbd-a710-4949-adf7-d8060deeee66,2025-05-08T15:52:13.359Z,13146,53,747,1.571718468,4.578953574,2.92930303,,21,4,5,11,105
ca91623f-1cf5-416b-8a57-ad3f4ef6fdd2,2025-01-23T06:50:39.235Z,15101,128,579,8.719180062,8.536771826,0.551996121,,30,3,1,85,320
d3735a20-03da-478a-aa11-c2439fc13bd2,2025-05-25T00:44:05.074Z,14903,44,648,2.262971528,6.618210536,2.206104353,,11,1,2,13,480
2dd4edb6-67c1-4fc8-8f75-5c5b2df722e7,2024-11-14T02:39:26.002Z,11662,38,581,14.81913213,4.372306186,2.714090772,,27,1,6,95,144
307c6990-9690-477e-a920-1c8cc06b7a2f,2025-05-16T12:29:03.699Z,7847,41,320,12.91165484,7.574887851,0.556650254,,4,3,5,61,278
d5630de9-ada1-4331-b896-ca144338104f,2024-09-04T22:05:38.002Z,4031,133,326,9.953061807,6.95367423,0.772254753,,7,2,4,33,125
88780583-14a9-42bc-8853-7ac8c7e8ca55,2025-03-19T15:09:21.999Z,13940,166,301,13.17038781,7.294857411,2.460077783,,2,5,4,34,142
093449a9-1043-4320-a80c-3284bea20ade,2025-07-15T04:06:13.088Z,11141,76,389,7.20236279,7.908791933,2.900598462,,3,1,3,77,351
29b7c828-8acc-4bde-aebc-3becb62a8e2c,2025-08-01T11:27:31.377Z,3273,128,767,6.713915861,7.556765661,0.568405489,,3,2,6,27,142
3d121284-cea7-4022-8bf9-1d33a6b55d2b,2025-02-19T22:27:02.902Z,16423,27,361,2.731472992,8.532344023,0.57197497,,14,5,10,85,258
699b284c-eb2e-48fc-88d8-b6abcec1fc26,2025-04-19T13:12:43.833Z,16595,127,764,7.600965268,5.143099322,1.399441424,,15,4,8,23,337
6fe85cf5-7ede-477c-bcd2-bb18139fe2d1,2025-08-24T13:57:16.412Z,9395,58,225,4.302526078,7.797164802,2.453991861,,22,1,9,82,342
aa32eb3f-1ef3-4aa9-93e0-60d7058d2e03,2024-09-26T15:41:08.752Z,16110,108,318,3.134659552,5.247797525,2.679303823,,13,1,4,21,250
6f1e0e52-91b1-4649-a6e6-cba9e91e994e,2024-11-06T09:43:11.402Z,9499,157,308,8.125248846,5.701923005,2.959556601,,17,5,1,48,104
964afac9-16ee-4084-ba94-fa02a3b373e9,2025-06-10T17:01:56.841Z,15385,66,417,3.464397841,5.518411172,3.952817959,,17,1,4,75,46
4852445f-562b-41ba-85c9-d426bb904b0c,2025-05-10T21:48:45.986Z,19601,62,464,6.89621857,6.744506815,3.400713516,,8,1,4,50,334
2f7c9087-2ae2-4115-b91d-66404c3b3462,2025-07-03T01:46:21.576Z,6565,151,788,13.0164611,8.033539732,3.360838311,,25,2,3,66,26
b6099a3d-f4e4-4c2f-af1b-6e8b212f31ab,2025-06-29T12:49:21.243Z,3904,84,666,1.824920703,8.050079009,1.460868146,,1,5,1,29,262
ca3d3ead-ff86-4c6a-998d-9f95b2821e52,2024-11-27T08:52:59.730Z,12347,116,703,2.093589085,6.709713358,1.836684507,,21,3,9,24,495
0d0495c4-1019-4512-9979-205028bd598b,2024-10-17T07:16:06.272Z,13780,52,567,11.44207873,8.437235465,2.464522091,,6,2,8,82,47
cd4cd126-3709-4ebc-89a7-084a882f3167,2025-08-02T03:26:04.512Z,17782,177,560,8.260757057,7.769368106,2.989941038,,23,1,8,90,424
2f9c805d-d0dd-412a-9e4d-ee20840dbefd,2025-08-23T21:03:58.238Z,11006,47,519,2.025052249,5.10261086,1.984581528,,7,1,4,70,259
049460f2-2114-41e5-bd9e-3f6407576c87,2024-10-28T10:00:30.950Z,4956,126,398,5.840013013,5.12342061,3.55259766,,22,3,10,98,458
24426cea-fcec-4087-b763-5a413ae0e7e5,2025-05-22T22:46:29.615Z,10888,32,783,5.447005309,7.984070274,0.886355053,,14,4,8,45,303
c249c27b-de17-4b8b-8202-ffe987e85690,2025-01-13T14:20:51.840Z,8235,32,631,9.925455275,6.043096387,1.177974,,18,5,6,36,268
e81e4bb6-fd35-48af-90b8-995731c3dd32,2024-12-07T20:22:17.944Z,17897,24,250,8.004163335,7.946244457,2.457378091,,6,4,8,37,423
e6c37477-b594-4631-8c3a-37d288634c2d,2025-08-15T06:26:27.297Z,15092,138,175,12.33621332,6.016658213,1.645580546,,11,5,7,13,127
fa94e3fa-5b37-4375-828e-a846fcc83e6c,2025-01-11T19:32:16.082Z,5261,39,256,4.973582108,8.870971353,2.078627687,,29,3,2,76,70
90b07e81-9f26-42c0-a142-5252f10d3e1a,2024-11-02T15:13:20.980Z,3458,37,267,10.59836497,4.605016083,1.643701526,,11,3,6,22,442
c6535266-7a04-46f7-9929-98cc2c116152,2025-04-15T19:39:41.292Z,19349,47,708,10.24818276,6.964315509,2.307095724,,18,2,3,9,174
b192d71c-960c-4a9b-9948-8af929363a2b,2024-12-12T16:35:08.875Z,12394,68,338,7.816183682,4.902201767,0.99955724,,28,5,8,24,44
4e622185-3eaf-43aa-8171-4a6d86b45666,2025-05-08T14:07:36.576Z,11954,75,590,10.37669831,7.481664149,3.746172213,,19,3,8,51,474
a2724460-8eb5-4796-91d4-7b46bdd6913b,2025-04-24T20:53:38.177Z,10799,14,499,1.370607621,7.862842465,3.511507021,,15,1,7,92,355
4c150d94-5c53-4ca2-a847-59dd9eb41f79,2024-12-31T14:43:55.056Z,6019,87,314,6.697309814,5.525987587,1.852995911,,11,4,10,3,262
452b8ce9-df5d-4760-89dd-cbca6366e154,2025-05-27T21:14:58.526Z,19797,148,600,2.726173908,5.021602853,1.027664134,,9,4,3,87,219
3613b992-19c4-4812-b420-92d08097451a,2024-10-10T06:18:16.379Z,18601,179,780,3.405739659,7.999850036,3.144436666,,23,1,1,60,237
02d88faf-c649-4ef2-ad3d-8d254692ace4,2025-06-03T00:30:41.414Z,4260,46,254,3.66215347,4.834817579,1.826579469,,6,2,3,47,46
9bb95d09-47fc-44fb-8072-be3fc9e3982e,2025-08-18T18:22:53.730Z,14222,143,672,2.700321627,4.673080697,3.512001265,,16,4,2,22,295
afacd77d-3d31-4524-82c3-500be6bf7a8c,2025-07-18T05:43:55.194Z,9427,125,740,10.29946214,6.060894567,1.006632834,,5,1,9,84,397
6ac87b50-fc80-4dd0-9702-e982bd6b6b68,2024-12-05T19:34:45.101Z,9600,168,605,8.720322298,5.760766273,1.176183014,,4,2,5,13,195
31ed5901-a25e-462f-b6a7-515d9dcd0169,2025-03-17T11:58:05.922Z,3699,85,704,2.680527097,6.415454579,3.260872395,,26,3,9,93,280
c2150ce7-fc27-4ad0-b46c-9e8217ac37a5,2025-08-04T11:47:29.555Z,17367,149,321,9.66037696,7.947037688,3.249948163,,23,1,10,100,248
50f701a0-1ce1-40b0-b20b-e588920ee2bd,2025-04-01T17:34:21.846Z,7185,36,401,12.0728463,6.037106686,3.021463097,,25,2,7,28,428
e4e5ab30-efcb-41ee-b66c-926d7169acb3,2025-08-24T21:39:05.855Z,17752,138,657,10.38846301,7.195352195,1.42002984,,27,5,2,51,364
256511a9-ea4c-44ef-b9c1-267c23c6fd2c,2025-06-28T07:48:41.567Z,15521,147,277,13.18440927,7.673388881,2.931821253,,22,4,4,95,408
14e6c972-9cdf-4400-aa41-36c1c4d596ef,2025-04-13T00:19:31.708Z,9717,150,518,5.734327978,5.061629518,2.369670528,,27,2,4,55,251
8854075f-43b8-42ce-8ba8-7d5b7cf045ed,2024-10-13T20:42:56.434Z,11980,124,419,10.7188728,5.743723252,1.089686729,,1,3,8,30,269
b422c5d3-a7e7-4dfa-b909-b21381875111,2025-04-04T00:54:04.608Z,13028,76,497,7.518587451,6.585399933,2.587640913,,13,1,9,90,298
c3c423b1-bd4c-4358-a297-48f255588662,2024-09-30T03:05:30.491Z,10266,153,354,8.425954948,8.591798963,3.481007934,,13,5,7,48,442
ce894b04-75f5-47de-bf7b-91b8e8fd9ae0,2024-10-18T10:02:50.043Z,19945,125,672,10.11831754,7.223865929,1.011369445,,16,4,4,87,200
8b9b51ef-c901-45e6-b1f0-8a0cf21888ee,2025-05-18T02:22:09.159Z,6420,72,796,7.060552991,4.451586389,3.045766657,,21,1,8,41,495
c2b8e07a-729a-45cb-bfce-8bddcab5355f,2025-08-24T20:23:13.733Z,12104,131,250,14.83387476,8.020095438,1.504855848,,7,5,9,16,282
e0033400-a2f8-47bf-a7ff-a6a5a547b446,2024-11-25T13:34:52.002Z,16472,161,292,10.21374455,4.888832215,3.644281928,,28,1,8,46,250
852d8feb-d9d7-46fd-9602-5f31b5044cb6,2024-12-29T16:51:31.497Z,12197,148,580,11.16861694,4.873738928,2.251438791,,12,5,5,29,190
5cc6ad80-993c-46ed-a856-ba35bba0da8a,2024-08-29T07:43:49.931Z,5674,56,658,12.36648764,5.765000354,2.875825007,,20,5,4,55,486
2e5a422c-cb64-48df-8efc-fad42d2a2ded,2024-09-01T15:56:18.872Z,3405,179,368,1.429104796,7.220863012,3.073713523,,10,2,6,57,189
7bd44461-d6f3-449a-a903-c4d194c327d4,2024-10-04T04:24:38.583Z,10236,39,372,1.952072644,7.646616506,0.930234949,,5,4,5,30,407
969bd757-87a7-4db3-bc29-fa5f9a4a6e61,2025-08-27T00:08:02.579Z,6666,112,751,11.3452534,7.876945702,1.356335481,,23,5,9,44,212
b72cb2ec-3d9c-453c-a0b1-78cd5dc28a96,2025-05-12T03:20:14.023Z,2803,168,602,10.34201666,6.243185798,3.411730776,,12,3,4,90,264
f981655d-69b0-4415-a786-52801dc50974,2025-07-12T10:47:31.372Z,5602,143,190,5.172185603,4.127130501,1.10953075,,8,1,3,41,75
3a52601f-244d-455b-aa67-140e0c91c6a6,2024-11-28T05:51:24.373Z,19459,14,186,2.005460611,8.590719875,0.938701818,,5,5,2,88,230
2cc07e4e-dd59-4ddf-880a-7a8684c7135c,2025-04-28T21:35:25.103Z,16597,67,446,12.79651604,8.187877937,1.512632727,,9,1,10,55,408
f9967700-2b86-427a-b02e-15629fca3ad5,2024-11-13T18:51:36.069Z,16757,116,220,8.247007385,7.979727324,0.663752687,,4,4,3,62,107
34251da7-8c95-49a1-b29f-02c77a921550,2025-05-30T13:37:19.579Z,11371,70,470,6.826424456,4.805134488,2.13065555,,11,4,6,88,285
aea27b6f-c7bf-4c8f-8314-f0069ee0d5f8,2025-01-04T23:51:06.657Z,6947,22,293,13.3299781,7.45034996,3.544915732,,8,1,5,83,475
73e173ce-ad98-4a69-908c-f6a9ad5467a6,2025-07-23T06:12:24.631Z,17255,17,725,7.909041995,6.007473066,1.73104266,,11,2,3,95,326
f8aa74de-247c-4eee-9cae-aafa98e73fd1,2025-04-26T13:00:51.669Z,18020,126,668,9.991716733,7.899288613,2.138695412,,27,2,2,25,75
76717ffe-13cd-4aad-8a8f-80b922240af6,2024-10-21T09:36:30.807Z,3685,139,487,14.97938974,8.385782378,2.833558655,,3,5,8,97,170
8fd98d73-e14d-48f6-bdb9-ff2994ea8f9a,2024-11-18T16:23:00.687Z,6525,151,704,14.81435311,5.626513393,3.794675311,,1,1,10,96,296
1df36d88-f0d4-45cf-91ee-88cefce5d18d,2025-01-09T20:07:54.555Z,14754,114,193,7.238757033,6.819631606,2.368777857,,29,3,9,63,90
47485248-0734-4b88-9416-53857c61020f,2024-12-21T20:34:30.979Z,12915,42,537,2.75899507,4.036306904,0.741340997,,20,2,10,91,154
9c09d9e9-6709-4c02-bba9-9020698d9998,2024-10-10T15:42:02.302Z,16568,40,326,3.779366528,6.081678202,2.875980356,,30,4,2,20,462
afd043ed-2042-432f-b453-4f578970ed2c,2025-04-13T18:30:47.241Z,6816,136,174,14.25067963,5.582839624,1.397727531,,5,3,5,9,85
3c1c8ada-b4b6-4912-afe3-813aa820fedb,2024-12-01T20:07:26.150Z,19303,68,673,10.9345155,4.018658967,0.560917051,,6,5,3,83,379
74d880f8-1331-4be7-ab1e-58a1233dbf3c,2024-09-14T08:13:50.927Z,10846,149,203,13.16674265,4.18631727,3.627921912,,6,4,1,17,122
f934b11e-f165-4ac4-b004-dd853602257f,2024-09-29T14:39:42.631Z,5352,28,581,6.165057047,4.761957901,2.826520459,,13,3,1,82,216
854fc250-e465-44c0-984c-d7ba81eee429,2025-06-10T08:49:27.562Z,12335,40,375,6.00871283,7.462479442,3.771466038,,11,3,8,100,388
9fe9e4dd-ff48-4e1a-8631-76443ef0ade7,2024-11-17T04:51:16.626Z,11831,41,217,10.2333393,6.372806164,3.422108492,,9,1,4,16,426
8e56a240-4368-4bdd-a00e-10dbcf4c538c,2025-07-20T07:04:26.773Z,12780,94,389,6.962251326,4.470978969,1.737513349,,14,2,8,61,196
306182c9-0d0a-4c4b-9e5b-1a2ce5ad3351,2025-05-10T11:32:57.263Z,4470,101,727,12.20288461,8.770483141,1.300069912,,23,2,8,47,384
5acd3b10-d8b5-43cc-a589-16fb16431337,2025-01-14T16:16:22.587Z,10465,98,668,3.172956764,7.304712985,2.725320043,,17,2,10,7,390
ff3bdd2f-6dde-4fd2-b90d-10be1d24d2b8,2024-10-02T12:32:33.371Z,10933,54,508,12.82158352,8.613728839,1.675818736,,24,1,4,13,164
7951565f-14dd-4c14-a590-396b56566638,2024-12-02T08:21:28.597Z,13508,109,484,10.03338111,5.967847703,1.913850583,,1,5,8,43,391
2c8c29b8-1f39-4f55-a644-5c517f4c357d,2025-04-05T13:08:55.854Z,6553,130,163,13.35242331,6.006910782,1.354042528,,1,3,2,5,421
514b5886-063b-4c4a-ac49-98e2b09ee865,2025-01-25T21:08:07.155Z,9984,49,235,4.49718561,8.041500633,1.876268136,,29,4,7,65,172
0cfac51c-fca2-4054-9ab1-4435a19107c2,2025-02-20T22:36:04.526Z,18200,90,368,13.37784036,6.555383415,2.454048385,,14,2,9,32,265
45051bca-c949-4ffa-ab86-8439243e6394,2024-12-04T11:36:15.346Z,16720,125,213,5.293292829,8.967154602,1.085588993,,5,1,10,11,95
5658ee98-9f88-4454-ac40-eb597e6b2cd2,2025-01-02T08:13:32.992Z,14141,33,319,11.44430756,5.341590515,1.355431258,,18,1,10,22,238
9b3b95cd-5418-4988-b6ee-00c084902b6c,2025-03-24T09:07:59.244Z,15528,156,286,6.010849341,5.181729675,1.959040568,,22,4,1,22,34
03150785-a7a9-4529-b83e-5f6f8b60d34b,2025-04-18T18:05:44.777Z,9197,95,625,5.415802132,7.021401052,3.849214335,,26,5,7,29,146
bbffda9b-3d0f-4a4e-977f-7169d79b246a,2025-02-28T18:28:20.608Z,11118,123,698,2.669367056,6.924211001,0.876063262,,9,1,10,47,433
419a0c15-99ed-4cd8-8393-d875b69c9bbd,2024-11-27T03:18:38.108Z,9662,133,700,11.43414828,8.903758912,3.294777551,,13,2,1,43,148
01ae679b-9523-4235-add9-4052557d7ec6,2025-04-16T04:20:01.824Z,10274,92,449,14.00646162,8.872163365,0.605690973,,6,5,4,57,147
8a1743a5-6fc2-442e-86a1-636d2a62742d,2025-05-07T13:08:05.103Z,12312,82,620,4.266566157,5.693131581,3.049058415,,30,2,6,27,294
6615720a-6f0d-40ce-95ee-a134102e20c2,2024-11-09T01:32:33.582Z,9359,43,202,6.651480353,7.007812937,2.881771456,,10,4,4,27,229
b37c35d9-ed38-4287-8db5-1f4317536626,2025-06-17T22:13:42.946Z,6171,51,347,11.54018255,7.87964983,2.254856252,,27,5,7,59,155
9a1a322b-2c59-44da-9c99-cd3ec3cbac2b,2025-05-31T22:28:59.818Z,9143,111,600,11.8289899,5.257270959,2.095263625,,7,3,2,55,139
2ed5b8c8-2a4d-45e6-a6da-d99b7df2173b,2024-12-31T04:30:48.360Z,13291,38,351,12.91674453,8.175552854,0.723756647,,24,2,5,10,357
4b8ed00b-d7e2-46c0-b22b-93776e322309,2024-09-05T16:40:04.096Z,6461,87,474,3.783239691,8.31703247,1.481845655,,23,1,10,49,385
a5b0b251-2aad-4f90-b8da-1413cff35e21,2025-01-15T16:39:46.173Z,7630,131,158,10.63360379,4.145725516,1.366427401,,25,4,9,19,59
7e01fbe8-7459-402d-b6ba-ce271613d85a,2025-04-13T16:09:39.963Z,16499,133,446,5.248845962,8.828765277,3.872560481,,2,4,5,69,134
d29c1dbd-cb90-4dc3-9839-c92bef843796,2025-07-23T07:32:11.165Z,4181,50,290,13.40193796,5.81391398,0.697159974,,18,4,10,7,226
0e7bb29e-ad98-467e-a240-f232b8b7a3ec,2025-06-11T10:29:15.930Z,4026,75,731,6.418591308,8.921403679,3.583814438,,16,2,8,99,192
bb28fa46-497a-44ce-bff5-748d53ba4650,2025-02-02T14:32:38.154Z,4914,47,424,3.103324973,7.359519897,3.240485151,,20,1,3,45,136
f38a646e-416c-4d45-90d2-eff416023eb3,2025-07-24T06:35:03.025Z,6795,104,355,12.87328129,6.616037754,2.877902437,,30,3,2,71,201
56470536-f164-45dd-a031-cf7f3779fc01,2024-09-24T02:53:01.716Z,14291,91,636,7.28192607,6.545920085,2.154631579,,25,5,10,11,441
4b537593-f8ea-498b-93b3-4b86bc0097b6,2024-11-23T13:46:02.203Z,19014,142,378,9.938982077,7.413428576,0.706720925,,22,5,10,82,41
272e80b4-5bb3-4845-bade-4856743b9f75,2025-03-25T20:44:44.599Z,16349,135,550,8.268674559,5.405768065,2.03559736,,7,3,5,29,238
4eb97f82-d2ce-4032-9090-2c337bbb0e2e,2025-08-16T03:03:06.333Z,8147,46,177,5.049071136,6.925317246,3.050937736,,17,2,1,75,485
8e32af21-da22-4927-87b9-f2e00a76d6df,2025-06-05T00:32:28.541Z,12869,168,492,13.42121018,4.683219362,2.803102869,,21,2,10,60,468
9e1fd060-ca1c-4806-a76d-ef170434fd81,2025-06-14T21:05:24.499Z,8408,112,166,10.03228048,8.850837532,2.574993452,,24,4,5,81,321
a8f74c3a-756b-4252-a894-79af166fb641,2025-01-06T22:46:41.732Z,4659,79,386,10.52023822,5.82876088,1.626025079,,21,3,8,32,239
f99b92e2-66bf-4f6e-aa65-ecb1407b1217,2025-06-15T17:56:25.462Z,18792,146,425,6.679359148,4.568720556,0.64362131,,5,4,7,6,158
9e53cab6-3f9a-4a3a-ade0-34bc618c10e6,2025-03-04T10:08:02.637Z,7925,14,535,12.27799237,7.381573305,0.954979072,,3,5,3,93,25
4741e87d-fd56-4036-a589-8d953fefa4f2,2025-02-17T13:26:26.858Z,7927,73,789,12.15421528,5.519080169,1.941432248,,19,3,3,50,356
ce2d0267-6d8f-4372-8ce1-25a214526406,2025-05-09T15:02:27.542Z,13235,71,746,6.024712319,5.076681303,1.948823734,,19,4,1,50,88
40923d8f-de29-4681-bde3-7838b4ca2d86,2025-08-25T21:09:14.502Z,3875,114,474,14.38465972,5.48391051,0.957340191,,12,3,4,75,236
4e0d0c02-97bf-4ad6-82e8-775bedff88a0,2024-12-12T21:09:15.974Z,6776,142,421,1.017748093,4.207402863,1.835308356,,10,1,3,9,414
aedc5cc3-61b8-4094-9024-b3a1c4fc3bf4,2025-05-08T22:25:19.427Z,17620,76,658,12.10581419,5.179754807,0.622486718,,27,3,3,93,290
1c1bf36e-54aa-4682-8ff3-9a6624249946,2025-04-02T11:42:32.935Z,18262,114,481,9.414857299,4.530483384,1.244144601,,23,3,9,9,122
a258ec0a-211e-4a50-abc7-17d9a566fbd1,2025-06-01T12:33:58.900Z,7154,22,198,9.041638764,6.801989297,2.171428383,,29,2,5,97,343
531d21b0-8862-4a70-856b-485115e722eb,2025-01-08T04:51:10.487Z,11506,120,530,6.342543808,7.590185895,1.96295195,,21,2,7,28,237
66f5e172-77b7-4e5a-a321-a77469605065,2025-08-20T11:45:35.343Z,6055,160,475,13.80920205,5.584661907,3.432881088,,29,5,2,58,217
bcb713b7-4a69-4236-a11d-9390d8e4e7cd,2025-03-28T06:38:10.239Z,6439,143,707,13.96006028,4.571624843,2.821007186,,19,2,4,92,287
8bee4a9c-1838-4948-a6e9-d17214cd468a,2025-06-10T20:44:09.475Z,3247,93,196,1.405012891,7.767800179,1.238088822,,17,2,7,44,37
268925a8-fed7-4259-b56b-6a22ba34c542,2024-11-07T10:10:24.643Z,16518,139,501,10.57619205,7.364917815,0.584997717,,5,1,5,78,67
af4e45b7-b0dc-43e9-b6c7-22c2d18a9abe,2025-01-15T21:58:11.664Z,10128,163,394,1.805941167,6.078198222,1.778505224,,17,1,4,54,497
c98b27ee-0906-4e53-890e-c04769692e64,2025-08-20T01:42:54.409Z,5983,140,305,5.338737061,4.542830587,2.99127105,,4,5,6,96,218
d3d2fb79-469c-4813-8d33-43ee93b1885d,2025-03-24T19:31:36.666Z,19740,40,596,7.153207219,6.345322083,1.230351035,,5,4,3,93,91
078c8797-8645-4dbb-990f-13854cc35d76,2025-06-21T04:03:03.810Z,6246,11,242,3.827391695,7.810660803,3.067019909,,21,5,5,23,334
5e5b3f94-7bbb-4c7a-9f3d-579441191882,2025-03-24T20:06:11.133Z,5445,151,579,2.299070726,5.136075296,0.811515376,,8,4,3,39,63
964068b8-2000-4482-9b56-8020e03c6f82,2025-04-25T03:40:45.076Z,15859,55,776,14.21671138,5.48138582,2.119788249,,23,1,4,55,401
d6271093-d4aa-4796-87c4-f338ec77648e,2024-12-01T12:24:51.793Z,12668,168,665,9.694331251,7.899891959,1.756872317,,15,4,5,45,457
cdef7abe-75df-4cbd-999e-3ceb76e9d9fc,2025-05-10T21:12:31.911Z,5821,56,258,2.606859869,8.205336953,1.637288342,,5,3,9,21,475
ee0260d0-c0b4-4be3-8d7e-88ef91091632,2025-05-19T01:14:39.658Z,10142,68,179,7.017088688,7.042305305,3.954663193,,18,5,7,47,408
031f9740-2b98-4d50-a106-691c5f2e12c7,2024-09-16T05:38:13.351Z,17595,11,642,14.07093607,7.872162806,3.95870746,,30,1,2,68,390
cfd2e42b-f27d-44eb-92ee-c56dd3a99757,2025-06-23T02:44:43.984Z,13529,139,320,14.93206137,4.547911912,2.458772289,,16,1,1,32,32
8b43282a-0d93-450f-8ac1-c0e5be38f443,2025-05-20T10:51:01.725Z,3057,52,587,1.421335643,6.759459579,2.804487092,,9,1,2,43,132
6e63e91f-723d-49dd-bb78-1ebd9fe77b73,2024-09-11T11:35:52.108Z,11677,35,649,13.09154711,5.071085485,0.733815604,,19,1,10,76,40
cb36f722-9f90-4d6b-8583-28451b242ef6,2025-01-24T14:44:40.225Z,15068,64,293,2.051957188,8.739169776,0.810839812,,11,2,7,68,38
37c857e1-4dc0-4f51-b8b1-1db4b9dfe58d,2024-09-04T00:19:26.051Z,15581,50,306,14.79196145,7.446730826,2.225520276,,13,3,3,73,80
2011ce51-f942-45bc-bc45-ed1530e71459,2024-10-23T02:56:54.353Z,14501,111,477,14.50797207,4.098043103,1.992527046,,24,4,7,74,385
5f97ada1-4429-43e0-a0cf-193e43458937,2025-07-19T05:20:10.212Z,16050,126,528,5.197335968,7.161736199,2.77692323,,11,3,9,87,432
69c6a792-99f3-4503-88b1-86ea2f87ccbf,2025-06-15T00:35:24.061Z,5390,136,750,9.175502258,6.35196677,2.028177737,,13,3,2,84,42
d3dfaa4b-37a4-4478-a7b4-4f9d8303c68a,2024-08-30T05:41:54.685Z,4766,96,684,8.960355997,8.734978547,3.325311615,,1,4,5,23,81
5a29e694-e306-46b9-889d-3599dfcf7760,2024-10-11T10:00:33.558Z,13881,120,390,6.621858914,5.37327811,0.993715216,,22,5,10,24,156
86ab7d3e-ccbc-452e-840f-d5f8c183580a,2024-08-30T17:34:09.674Z,4509,150,333,6.745261698,5.757018439,2.56303426,,10,1,10,33,132
ed8e6fbc-c2cb-41cf-b5b1-e8c4b1cf1ddf,2025-01-19T00:59:06.077Z,17199,172,489,4.687387675,8.798737288,2.516292987,,30,3,4,30,305
f91d12d3-550d-42d2-83ab-c135fa53d666,2025-08-28T03:58:33.229Z,5674,12,390,12.70901882,5.034359793,3.699983681,,30,3,5,89,385
48ba78a4-21e5-419f-a1a7-9ed952d232b8,2024-12-22T06:15:54.526Z,7537,51,196,9.720952921,7.616539947,3.69795193,,16,4,8,5,383
924236da-d133-4ee9-a2b9-59c89b3ed442,2024-10-03T07:38:07.197Z,2063,63,721,4.459553373,7.359602753,3.16019233,,15,2,1,28,292
1bb0c4a8-ab19-41e6-8959-f0d1bde6fc28,2025-08-09T16:10:01.278Z,6537,17,300,7.483438272,8.85012247,3.02758999,,28,3,4,81,154
1343615f-b0c4-49dd-ab78-40cff93afbeb,2025-07-29T23:41:32.256Z,16151,179,439,1.045750797,6.929317305,2.325897227,,2,1,1,18,359
0bb69095-c3ab-43ce-bf61-77ec4759225f,2025-04-05T08:09:24.795Z,6974,139,164,4.113000409,7.158698365,2.84083471,,12,3,6,32,304
71f7618d-7225-4a13-9861-a781ee79cbf8,2025-03-28T05:47:36.461Z,16473,84,266,6.814240892,7.201284023,2.957265684,,26,4,2,15,165
a89d992c-7891-42f5-a740-fe8c34bb1be4,2024-11-18T19:52:05.262Z,4483,80,213,8.107525943,7.273815187,3.67844498,,27,3,1,43,469
682e2583-ab9a-49a6-bf90-b633c3994adb,2025-03-12T08:08:49.811Z,11980,87,239,9.951553025,6.746746807,1.981084843,,11,1,5,69,420
d0ce1af3-91ea-4acf-bdc9-06a2a5dde29a,2025-01-29T14:55:32.366Z,18316,154,169,2.261393414,6.046054838,1.155415956,,17,5,2,32,399
6bf4bbf1-743e-4c83-a46c-8ab308b0ccea,2024-12-04T02:58:30.881Z,19264,117,750,3.788176464,6.529793197,2.0006196,,5,3,3,93,441
02f2c461-3b7e-4511-b9cf-9b590d320579,2025-02-17T00:36:51.916Z,16627,102,156,12.12688123,6.298760554,3.113196325,,1,3,2,94,394
9c4f0c93-8516-45a1-8bda-151fb53587b1,2024-10-29T18:25:13.310Z,16705,72,411,4.888160746,4.951986366,3.640350812,,26,4,9,33,73
072f716b-27dc-491a-bc89-58d09305d82d,2025-07-25T16:01:30.163Z,9138,169,534,10.74864263,6.125447396,1.966087176,,24,4,3,64,495
9588ff3f-e0cc-4d5d-808b-485ac19f4591,2024-10-31T21:30:01.451Z,5338,67,405,5.954233715,7.034650647,2.089510841,,11,2,1,90,231
d7bd7109-56ea-4742-a29a-40724a3b59d2,2024-09-06T20:18:40.198Z,15509,40,395,6.617861921,6.687976591,1.052221047,,16,3,8,45,62
e363b411-1cc5-459e-9a44-942c3b4992c4,2024-10-04T14:20:01.376Z,18119,160,452,3.592098054,4.421349618,3.564262228,,22,5,10,59,15
b9f46ddf-a43b-4cce-9243-ffeb14c6c3ba,2024-11-14T23:24:25.067Z,2930,85,748,11.867931,5.441057668,2.183929558,,5,3,4,34,275
c90e0dba-8e1f-4cfc-acad-a1ac41e172e3,2024-09-02T11:46:05.817Z,9852,95,784,4.209315193,5.004582552,1.160910572,,12,2,8,49,32
e927642a-757a-4c1f-b0c9-0407fa115966,2024-10-01T15:14:38.128Z,16249,26,285,2.325486003,6.077430865,2.441529579,,7,5,3,90,278
05984fa5-a487-465c-8127-c859a43da063,2025-05-20T17:14:54.589Z,18108,61,350,10.15715699,6.814659609,2.389435762,,1,4,7,34,224
4b2375f3-0813-4ac8-a2d3-bc7228641a8b,2025-06-05T18:09:46.811Z,9983,156,658,2.241415992,4.168177653,2.357856627,,12,2,7,99,378
476288aa-9471-40e3-97fe-55c708d07513,2025-02-13T21:22:25.499Z,18993,154,213,10.60220788,5.490416777,3.634111871,,4,1,8,3,110
6e8c5fed-0c2a-430c-855c-a9fc160a3832,2025-05-10T16:17:23.575Z,6903,47,676,10.84131266,5.332843548,2.699355153,,24,5,5,67,224
1271d97a-6430-4ade-ad20-442836912001,2025-04-30T21:18:01.823Z,10096,59,400,13.18267018,8.98612793,1.731059562,,23,2,9,4,124
d2eaf616-68e8-4ea3-af1f-28639fd6b562,2024-09-05T09:21:12.299Z,18084,56,400,1.267888519,7.8215046,2.325800288,,4,4,8,87,295
01ff9bab-25ee-4275-be80-7bb0574b1696,2025-04-22T12:56:02.934Z,2460,161,625,1.791034225,7.617352565,1.814726345,,8,2,6,2,342
181593d1-047c-4bfe-a1c4-ee4dd19d4d78,2025-05-22T19:37:47.027Z,10662,180,208,2.366764097,6.38279631,1.804481061,,24,2,5,58,92
4076fb8f-5b83-4de8-8d2e-56a3ac536b96,2025-04-01T05:15:13.085Z,10880,31,353,4.511790036,8.148595752,1.742910432,,6,4,2,45,197
cfeac990-1fa7-49b2-a93b-f051e2083873,2025-05-14T23:21:56.572Z,7033,82,448,1.765409959,5.195753816,1.20292145,,8,4,8,39,331
11491eab-1aa3-42d9-9ebe-3a445455e0a7,2024-11-06T11:03:29.217Z,8587,145,736,11.31802041,6.388117514,0.778828853,,23,2,10,39,135
45ba751a-4e90-45ef-acb8-b919e78c0f0c,2024-11-03T05:56:39.875Z,19150,177,794,11.21226937,6.551491982,1.43636728,,7,4,5,59,20
be5d4066-0e56-4187-9d5f-9a0db589f68d,2025-03-29T01:22:20.044Z,4041,165,573,8.254353943,4.179516366,2.677475876,,25,2,9,85,233
39f96a7d-deb3-4e7c-bc88-83d2a45440fd,2025-01-19T16:37:43.685Z,10968,140,214,3.982635644,6.334184488,3.154162859,,27,5,7,80,235
11cf84e1-6c11-46ee-9594-ab4090a71a3a,2025-05-11T07:32:56.547Z,18463,81,529,9.416472742,7.662617839,2.069642818,,11,1,6,49,196
bdf08fd8-1b6d-4349-b1c0-1b37ff5e0b51,2025-08-04T14:09:24.342Z,2756,88,709,4.084034889,5.214965563,2.264077382,,8,1,9,22,271
5dca8a1b-a36c-434b-8b8f-6039004c5cf3,2025-02-01T03:32:45.492Z,16934,74,317,5.612611967,6.613505408,3.821520599,,19,5,5,97,29
4daba20c-80c1-4241-8457-5838b243deec,2025-01-06T19:04:54.821Z,19449,74,403,11.20087366,8.296046846,1.357290933,,21,2,6,64,462
ff59371a-6ee9-421c-9895-b169431f12b0,2025-02-23T10:52:44.067Z,3148,116,357,13.25706358,8.626293118,3.342519749,,7,5,10,27,318
6c7d2376-c9cf-4e88-8cc3-f76d57260620,2025-07-10T05:16:35.198Z,6882,41,230,13.32098695,8.190388042,2.376550018,,4,3,3,52,450
fd6ea94e-2bc7-415c-a7ff-ace062ae6061,2024-10-29T12:04:30.912Z,18250,135,652,10.68846533,8.628317349,2.819086374,,3,3,7,98,98
77d43d12-a40a-4956-9599-e2fc2ae4cb3b,2025-05-19T08:27:14.748Z,4673,77,181,11.47212435,5.530640656,1.573427708,,5,3,2,16,60
eb8dd30d-f2f6-4c9a-8c51-c5673a57af12,2025-05-31T09:58:57.549Z,7924,68,674,7.223526045,5.837047713,1.291354527,,22,2,1,11,228
55a80b98-e2f8-443b-b3f7-fa42d2caea75,2025-02-05T07:09:00.014Z,5833,30,616,7.800182049,5.952103375,3.526278426,,30,3,6,55,424
c1f305ee-c537-47e2-80e9-23aa0bed8142,2025-08-28T00:11:00.764Z,10042,80,311,11.49095044,6.434737921,1.068997021,,6,2,5,44,500
f2ba9585-8869-434c-8a9c-356a8e2679ca,2025-05-10T02:17:20.568Z,7998,120,202,14.20227138,8.110008011,2.549163687,,4,4,2,97,44
baa07ad1-a0ee-4741-8347-b8ab6e2c0c99,2024-11-16T10:12:08.098Z,18212,168,450,1.0956622,4.830590156,2.839502069,,2,3,10,84,455
66d6e993-a296-4ff3-a7a6-6a30c7c770a2,2025-03-21T18:01:01.231Z,16892,58,176,9.323038775,5.917999999,2.071237544,,11,2,7,32,200
b0b26a13-ffb6-4ae7-bb46-6d0774de3f29,2024-10-07T01:09:07.972Z,17101,82,221,11.89079055,5.547637098,0.544986293,,6,3,10,20,97
8060d634-2ca8-4af0-a57d-32f7acc2288a,2025-06-06T13:03:47.802Z,7772,69,482,13.67980269,4.65718989,3.104306081,,11,5,1,45,321
101c2161-5aab-409c-86b6-5f96cdaf5447,2025-03-14T23:34:38.706Z,18864,63,587,4.995641924,8.18418975,2.35420817,,25,5,6,43,128
d6976e2b-22df-4763-a5df-934449726e5a,2025-03-19T13:14:56.795Z,2681,164,431,14.38106547,7.343845912,1.796301555,,9,3,7,32,362
3c6f58f6-3470-4505-89c3-01affe87b38b,2025-02-01T20:48:24.073Z,19762,97,319,11.1242667,5.006081133,0.595238904,,1,4,4,65,162
c594f0fe-7acd-4da8-9189-e78e517fdb22,2024-12-22T23:36:57.672Z,14738,51,270,1.912609939,8.59214599,3.771519386,,18,5,10,85,420
cc2011c3-7678-4ba4-8197-6f283185c54a,2024-11-08T11:50:44.873Z,3953,122,611,12.14575314,8.701436717,3.842095276,,12,1,3,5,239
de61f23c-1c7a-4508-9f55-97a651f98309,2025-04-04T18:24:44.329Z,17303,85,445,4.556859198,7.189486376,2.632774767,,14,2,6,66,240
3194630c-b8ae-4d08-851d-44814fbd1045,2024-11-06T13:28:53.105Z,16205,86,371,1.549615491,6.356830618,2.491390294,,21,1,7,39,212
f2eb7e71-3f83-490e-9db7-49cf52ba7175,2024-12-14T11:23:38.285Z,8738,68,734,9.486207908,4.276248056,1.386218905,,15,1,4,68,471
8dfb1a22-9251-4869-84f1-b06c6ed73b1c,2025-01-08T20:06:54.035Z,12301,42,545,2.162226754,8.485567207,3.251184304,,12,5,10,14,495
d4d10f86-1f84-4ae2-8deb-6366cc3059d2,2025-07-16T11:28:22.552Z,17357,176,612,8.794593548,7.167261165,2.844510148,,11,5,1,47,398
76305bfa-17b5-4730-9918-1ded83d84e5a,2025-06-30T01:46:18.785Z,4896,104,762,6.892338268,6.036505708,3.579225021,,28,2,5,47,76
155ef6a4-0386-4d59-bbcd-85ec271bd686,2025-08-03T23:19:20.554Z,7752,175,379,14.48596236,4.462831677,1.579263575,,2,1,8,87,133
77c8c629-b03f-472f-8477-d8fdbbcb6e0e,2025-02-01T14:49:19.917Z,17564,121,711,10.80583413,8.558756485,1.402655016,,19,3,5,71,380
71af1be7-1263-443a-af54-a802c82b5fd1,2024-12-26T17:54:50.075Z,4003,13,405,14.31185184,5.253164754,1.378042496,,28,2,5,34,157
95f93f92-6fec-4b3b-a5b0-f6b4ca3e3763,2025-01-20T18:10:47.972Z,15275,57,663,7.926418439,8.109577875,1.929138395,,7,5,5,17,358
cd948d88-434f-40f4-84e5-a5a58fb871ef,2024-10-30T15:02:38.872Z,3033,61,694,5.451174098,6.428728865,1.31689921,,10,4,4,33,73
caec490c-2f76-4382-b399-0e2b1207d185,2025-08-25T06:10:53.302Z,17761,36,690,3.377329626,6.045474391,1.89996201,,17,5,9,26,399
b1f22de0-927d-4015-9e62-4a84accd2f7e,2025-08-12T04:15:15.306Z,13773,69,760,4.063436684,7.041877379,0.946269668,,30,3,8,20,53
22bed72c-d0b4-40c5-b86e-df757e28fb0b,2025-05-12T15:16:33.296Z,15647,44,512,9.176534912,5.504870959,3.690216238,,26,5,8,50,49
4023aaf0-5cf6-42b0-b247-7f4dbc9a03b7,2025-06-22T17:12:22.470Z,14033,157,290,14.9060077,7.14365846,1.871445518,,7,4,2,97,55
7124ac91-0615-44d0-937d-306ac6c8d66e,2025-07-04T20:39:46.407Z,5795,168,251,13.19280424,4.933234666,0.691926382,,12,2,6,81,419
8c34c5b0-fde2-4d16-b2f8-91cbfad70c1f,2024-11-15T10:37:42.904Z,11397,70,226,10.53487206,4.417731798,1.502463233,,16,3,6,51,191
4f21b47b-6e02-4a98-8a64-f23597594f3f,2025-01-17T12:09:22.025Z,8918,67,344,6.670540981,7.958665768,3.141319167,,27,1,10,55,408
ff6597d2-1ca9-4efe-91f2-2cb5ffbe8be4,2025-07-19T02:00:23.338Z,18633,141,713,11.01653147,8.787928758,1.314376051,,2,2,2,23,343
b0456cda-f645-4ad6-893e-4ba16014840a,2025-07-12T04:43:40.347Z,17306,80,224,9.564376022,7.032036396,3.359206973,,28,3,1,27,412
85e1f31a-8518-43f3-b9e2-9502771c37d2,2025-03-31T01:30:11.004Z,19625,14,488,6.013678188,7.576946115,3.905218135,,12,2,6,32,305
ccc32d1e-953f-4e98-89ae-0cf828a15c8d,2025-01-29T05:53:59.763Z,7804,146,350,8.201408011,6.504346616,2.743083981,,19,3,1,55,285
b0341a5d-74cd-4fc0-a483-4cabfcccdb25,2025-01-20T14:15:59.137Z,19220,72,749,8.573792648,6.403021144,3.748405356,,8,2,6,27,479
e3ba37c4-e2db-4f0f-9275-3f84660798be,2025-03-30T06:47:45.288Z,17110,169,763,10.49516476,5.525841583,2.095047057,,4,4,1,54,231
ec526251-586b-43cc-979f-e55a96915aa3,2025-06-22T19:21:10.669Z,7340,54,245,3.308807547,5.44764118,3.672321717,,27,2,4,52,319
92593ce2-b28c-4534-abdc-a5587ded664d,2025-06-10T15:23:15.765Z,13018,73,570,7.410602859,4.671939804,1.296069054,,22,4,7,47,440
dbed936f-6840-4b38-95f3-c2f919c8dcc5,2024-10-21T03:40:24.522Z,4971,14,489,6.960312535,8.690652342,1.339365459,,30,5,3,97,339
46dec876-eec1-44b6-a428-506d9505bad7,2025-04-04T19:12:15.770Z,19801,112,671,13.6832285,6.634053695,3.800976118,,6,3,1,51,132
df330c8a-dde1-444d-b750-e4fc4942a532,2025-03-26T20:44:40.183Z,12559,103,181,5.273154997,6.290017218,3.333067707,,8,5,3,96,369
256f7c79-0d9e-4de0-8839-686eb747efc3,2025-07-10T03:07:33.960Z,7408,141,234,8.679120881,8.328553984,0.598284684,,21,5,3,56,243
dce83251-a76f-4845-9f32-e603c0c12b9e,2024-10-09T07:32:37.649Z,5269,135,676,7.892254006,6.255742195,2.510421043,,18,1,1,26,53
b9055a59-2cd2-41ee-9a38-d660b2e643e4,2024-12-31T22:40:44.384Z,17381,18,303,3.581198621,5.386223991,3.841683475,,2,5,7,82,161
2fdc44f5-79e1-4fc6-9f7e-1610fe94b021,2024-11-15T23:22:42.942Z,8039,162,643,12.05862018,4.834091244,2.969856622,,2,5,9,1,355
50c8c95a-9473-4925-9ecf-64e264fddc09,2025-03-15T22:02:22.815Z,12626,94,588,1.687461016,5.539380189,3.052469652,,25,2,3,17,169
6e91a71b-17bb-4963-9d05-05c1758162f1,2025-04-05T07:44:05.823Z,14310,15,717,10.36649185,4.92158644,2.871258342,,18,2,6,59,353
640a5529-6d3d-4808-969d-4bb56e2dff34,2025-01-05T00:39:59.197Z,6604,179,670,11.81231104,5.247449847,1.03392706,,6,4,2,100,333
